"","row","baseMean","log2FoldChange","lfcSE","stat","pvalue","padj"
"1","uc.1",82.6948388203961,-0.142725996686419,0.182241350431035,-0.783170209992657,0.43352716600845,0.577018551940825
"2","uc.2",3.53798780470678,2.98668279573715,1.0012522977755,2.98294725752212,0.00285487186489397,0.0111266611215968
"3","uc.3",3.51689946306591,2.98522518927291,1.0027041017809,2.97717460611844,0.00290918275602994,0.0111654192078014
"4","uc.4",1.55955691533873,1.75865170872319,1.00859060647769,1.74367250441183,0.0812162124930543,0.169611758687152
"5","uc.5",1.62541254172795,1.26063606017056,0.938941161929172,1.34261454421747,0.17939681840687,0.309643823551584
"6","uc.6",1.74583083136149,1.33345832769546,0.917330311415173,1.45362941908932,0.146049076026151,0.266698312743405
"7","uc.7",1.61574945823246,2.45625301105274,1.1197264797573,2.19361875909653,0.0282628286658695,0.0731736249020458
"8","uc.8",1.64201849083047,3.05317826440924,1.13011718337915,2.70164750108478,0.00689968687546564,0.0237470525211513
"9","uc.9",1.0511148184487,1.82646381262375,1.07128877805889,1.70492200612163,0.0882089715410136,0.180232385094611
"10","uc.10",1.32676959479371,2.12423024341166,1.05069080678283,2.02174629272333,0.0432025687617757,0.10545508674441
"11","uc.12",701.845535019415,0.111262631563691,0.177339976071343,0.627397352974327,0.530398802441306,0.656107268664692
"12","uc.13",32.7870035236484,-0.543935763675905,0.365506478927393,-1.48816996424284,0.136706076151041,0.252072667244358
"13","uc.14",0.758663690628967,0.728935643643324,1.07103007338785,0.68059306807098,0.496129014350341,0.635617391979034
"14","uc.15",4.52744249348728,-0.475367019291222,0.695794711605651,-0.683200103941925,0.494480406980636,0.635617391979034
"15","uc.16",0.481883564290969,0.0569697499259485,1.34406943923932,0.0423860168699251,0.96619097525341,0.979142596905601
"16","uc.17",1.3687357443831,-1.0988431756991,1.06809596990674,-1.02878693175394,0.303579808964001,0.460790441691992
"17","uc.18",366.09766630217,0.0192852307634813,0.672913537667937,0.0286592997226904,0.977136317139141,0.987586972937421
"18","uc.19",23.8355382440034,-0.585363876022315,0.756335524409164,-0.773947351579963,0.4389619260907,0.582202133551876
"19","uc.20",23.2117986637713,-0.532516339953104,0.796816669627232,-0.668304718326522,0.503939102113574,0.64137703905364
"20","uc.21",4.80541345490338,-2.07941452325463,0.638840874388723,-3.2549803974962,0.00113400192664705,0.00543156175288368
"21","uc.22",150.186390663526,0.485006402103496,0.402451070820907,1.20513134954318,0.228152599202241,0.374963836949769
"22","uc.23",147.299196147258,0.726125073921951,0.257913423387044,2.81538302421846,0.00487191295515465,0.0180547362455731
"23","uc.24",123.885923565554,0.453850323384866,0.242714992864911,1.86988993975113,0.0614991031268943,0.138372982035512
"24","uc.25",118.168127773321,0.647328943501432,0.257418132385565,2.51469831399387,0.0119134279249996,0.0366119980134133
"25","uc.26",1.31930579300361,-0.664952825517759,1.04604717455346,-0.635681489031906,0.524984043970276,0.652776212568304
"26","uc.27",0.907942182855396,-1.78034365595254,1.06663969538316,-1.66911438197788,0.0950947135802166,0.190189427160433
"27","uc.28",305.016630420302,-0.39940374290785,0.250168871935098,-1.59653653077777,0.110369056491083,0.211459837274238
"28","uc.29",0.377410855790419,-0.191391635255346,1.4108827112268,-0.135653824185659,0.892094953139376,NA
"29","uc.30",0.149367055465021,-0.42795436758842,2.41190755563956,-0.177433984394538,0.859167515108731,NA
"30","uc.31",1.33232053859391,0.5088212107758,1.30382796931254,0.3902517991266,0.696350361856116,0.797637687217005
"31","uc.33",70.8611113379877,-1.24632509394007,0.336971802435139,-3.69860351796043,0.000216788932935084,0.00138891892626206
"32","uc.34",109.886685066876,-1.83162083732995,0.402233400185235,-4.55362691533439,5.27288355587655e-06,5.38689184897659e-05
"33","uc.35",18.0058437578416,2.81567471729373,2.36318554758147,1.19147424550533,0.233467461304394,0.380390949883883
"34","uc.36",114.106737353437,0.0385356077742337,0.233642292862137,0.164934213331711,0.86899576282289,0.931314510735734
"35","uc.37",438.438118882766,0.665391113370219,0.436221978654358,1.52534981254909,0.127171869530411,0.237975082586611
"36","uc.38",0.0720187126870171,0.01001673380585,5.17464343039227,0.00193573411203922,0.998455508602737,NA
"37","uc.39",0.185045088716781,0.201246735908226,3.51189277254575,0.0573043509418836,0.954302754500176,NA
"38","uc.40",25.9575926423565,1.83298442781062,1.1295949120834,1.62269182359355,0.104655300133167,0.202870274104293
"39","uc.41",0.255718489016649,0.644571085346167,1.79486427479174,0.35911968074631,0.719505559216069,NA
"40","uc.42",0.0847544419779935,0.0795805626446294,3.15529023350889,0.0252213130188441,0.979878437031799,NA
"41","uc.43",25.2170413753779,-1.14132955825877,0.359984975539336,-3.17049220331711,0.00152180916703111,0.00668888215276464
"42","uc.44",302.222171596077,-1.8703136296891,0.371202696897177,-5.03852381818005,4.69136046806354e-07,6.33333663188577e-06
"43","uc.45",1070.59116311485,0.0120908819801334,0.249823051932336,0.0483977834976101,0.961399225749417,0.976905664874408
"44","uc.46",3670.24838883712,0.157579999372981,0.189391659413009,0.832032412944566,0.405390649265325,0.553204568311527
"45","uc.283",0.0901936229722019,-1.10931621617574,3.14693827528571,-0.352506506049925,0.72445844009261,NA
"46","uc.284",0.253589767236818,-1.31472615313666,1.88394461541789,-0.697858176072248,0.485265892521373,NA
"47","uc.285",215.043197645261,-0.26721376900365,0.167310171612046,-1.59711610136447,0.110239829692557,0.211459837274238
"48","uc.286",0.648730976761336,-0.198549949899473,1.40689958911684,-0.141125885198467,0.88777049486558,0.934604480131043
"49","uc.287",9.99728267111947,1.62525493268213,1.88905109088051,0.860355201893758,0.389593272163908,0.533573394485352
"50","uc.288",4.21443871241599,0.355533886707401,2.09405248637762,0.169782700777677,0.865181032177237,0.931314510735734
"51","uc.289",21.6540925298605,6.73439645745645,2.50512091885919,2.68825205472446,0.00718271560833909,0.0242416651781444
"52","uc.290",38.0815419664775,4.6119266835271,1.57719066955993,2.92414022764536,0.00345409105616123,0.0130564641922895
"53","uc.291",45.7819458719831,3.24203283563322,1.30200822187536,2.49002485634347,0.0127734161642265,0.038938317016755
"54","uc.292",7.19721708963979,-1.58262320064339,0.463176925532117,-3.41688696781517,0.000633415725424019,0.0033254325584761
"55","uc.293",0.697527645712417,-1.57628262201634,0.859721117141576,-1.83348133550239,0.066731021726887,0.146653059376531
"56","uc.294",0.724996072531764,-0.636778021294933,0.972230955129863,-0.654965795868819,0.512489776319678,0.647896774076382
"57","uc.295",0.684384880136979,-2.0001476219788,0.906304712690445,-2.20692620701617,0.0273192151780361,0.071218367843432
"58","uc.296",0.754555884186118,0.164733465675646,1.07817224616687,0.152789562392566,0.878564229091991,0.933378127929809
"59","uc.297",0.687357679564642,0.584357609212763,1.04667493513538,0.55829903783564,0.57664020185269,0.698621783013836
"60","uc.298",0.765229293969668,-0.470855893465605,0.987248964635135,-0.47693733833352,0.633406742833343,0.745880837355152
"61","uc.299",2.31743152598028,-0.541996606703135,1.03575147406016,-0.523288279357692,0.600773656080622,0.720928387296746
"62","uc.300",1.49631358551019,-0.768725588553433,1.11409207235587,-0.690001847807676,0.4901930253309,0.633285768916348
"63","uc.301",1.71336198696892,-0.412055984513977,1.07761594668036,-0.382377400578874,0.702181450831866,0.801886974061769
"64","uc.302",0.484181478149538,-0.471456396073681,1.10907871367106,-0.425088310020086,0.670772299379826,0.782567682609797
"65","uc.303",0.592862669134196,0.958589022635925,1.11234301127384,0.861774662060543,0.388811530657694,0.533573394485352
"66","uc.304",0.910383930020291,-1.58958745547297,0.589307637085674,-2.69738139375559,0.00698871758375655,0.0237994166365764
"67","uc.305",11.421053080851,-1.3242208407092,0.647868282161698,-2.04396615356869,0.0409568909518336,0.101187612939824
"68","uc.306",10.6517801553299,-1.44660239177719,0.727145015168966,-1.98942764042884,0.0466540212912609,0.111615316760105
"69","uc.307",18.7773727461526,-1.68521958272865,0.267740130617773,-6.29423605210115,3.08917431755695e-10,8.98236840028099e-09
"70","uc.308",18.9738432121476,-1.6631804186216,0.268749072385222,-6.18859966235572,6.07010253922197e-10,1.43406172489119e-08
"71","uc.309",18.9744205233414,-1.67942603390691,0.262355101095292,-6.40134697932522,1.54012119429979e-10,4.85138176204433e-09
"72","uc.310",12.7025620096179,-0.0977194646298183,1.38550016319614,-0.0705300996893384,0.943771744108571,0.964177619656865
"73","uc.311",111.2598136356,-0.314287351333011,0.481827341776083,-0.652282102079354,0.514219203886201,0.647916196896613
"74","uc.312",109.759222560728,-0.267418117468383,0.509370909010495,-0.524996839705413,0.599585387870232,0.720928387296746
"75","uc.313",122.646531507994,0.101252332819324,0.248617694009795,0.407261169493973,0.683816179098316,0.788056450302327
"76","uc.314",0.190359099829499,-1.19067699769279,2.20086779579571,-0.541003416910062,0.588505227562902,NA
"77","uc.315",0.159969965160906,-1.28356808772863,2.58740404313218,-0.496083358583149,0.619835599789949,NA
"78","uc.316",0.0447628396860082,-0.0768927417843244,5.28593574113701,-0.0145466660114534,0.988393849100628,NA
"79","uc.317",62.0835824062474,-0.202706256265696,0.779149463825893,-0.260163506075379,0.794737653129779,0.875833332020573
"80","uc.318",3.0633426000178,2.09208204138557,1.54905436623677,1.35055430395772,0.176838247166741,0.309643823551584
"81","uc.319",0.833357758261894,0.25092468358897,1.24413137450415,0.201686645583531,0.840161703342078,0.918674290526833
"82","uc.320",0.821663944715548,1.42906877096846,1.46093839597426,0.978185510700777,0.32798258133138,0.483653153035077
"83","uc.321",0.633357471016121,1.55822849683351,1.51831418738932,1.02628857042614,0.304755583129624,0.460790441691992
"84","uc.322",7.05196701336667,1.13104130087085,0.713341726318605,1.58555326169955,0.112840685709617,0.214340598986107
"85","uc.323",3.0764416981094,0.830859853073669,0.902658265763846,0.920458920708581,0.357332990467729,0.503999516405977
"86","uc.324",120.58083512334,-0.183802961481376,0.532998348291298,-0.344847150222167,0.7302092840516,0.826404519076361
"87","uc.325",94.2920534407877,0.884359062733336,0.451037443937967,1.96072205228035,0.0499114551600934,0.117183416462828
"88","uc.326",35.3158356653304,4.3309076779152,1.31991113455756,3.28121156381254,0.00103362182212086,0.00514090853633794
"89","uc.327",35.1523719627945,4.3243221415112,1.35046497969291,3.20209868936738,0.00136430248919644,0.00606713342254416
"90","uc.328",45.7772176243064,0.268383681790292,0.428539538888928,0.626275191517051,0.531134455585703,0.656107268664692
"91","uc.329",0.204926538115455,0.394568712555035,2.03882982596335,0.193527045528972,0.846546227129625,NA
"92","uc.330",569.852931694513,0.114812822561447,0.177586465528205,0.646517865085907,0.517944031121093,0.648287562131699
"93","uc.331",25.3220240657621,-3.19894207525068,0.493855682311366,-6.47748358443268,9.32649158493524e-11,3.20492165373229e-09
"94","uc.332",0.282055055177896,-1.04286501449668,1.26988105606678,-0.821230468408406,0.411515004639984,NA
"95","uc.333",128.45038118135,0.440126947103101,0.264770759809102,1.66229438409449,0.0964537632756625,0.190586535769767
"96","uc.334",29.5219549078501,-0.456545714495833,1.72498203116909,-0.264666939276123,0.791266048121772,0.875833332020573
"97","uc.335",91.8460375369192,-0.0805762728899283,0.719265375342024,-0.112025791386959,0.910802956716299,0.948439442531022
"98","uc.336",1.01891398453325,-0.156766555612228,1.3038630415531,-0.120232379181095,0.90429906893654,0.946796986837331
"99","uc.337",1.35150694757861,-2.12134584508581,1.13895531145367,-1.86253650494706,0.062527504847796,0.139854419127023
"100","uc.338",4660.14892889648,0.831145570838473,0.174766899740919,4.75573791187343,1.97722850969724e-06,2.19821287254576e-05
"101","uc.339",15.8483897391309,-1.82946783069543,0.566513367081727,-3.229346273186,0.00124073565635646,0.00571948875735051
"102","uc.340",0.971366685824133,1.01435717697669,1.14371946617593,0.886893339647553,0.375136327849778,0.52135461856051
"103","uc.341",244.185874963544,6.48833582001651,0.92693503541737,6.99977406409611,2.56375607618506e-12,1.21137474599744e-10
"104","uc.342",5.22308793430163,1.71540421797189,0.932512406662769,1.83955109413599,0.0658341700393952,0.145528165350242
"105","uc.343",58.8774011261424,5.21754858801433,0.869020436864687,6.00394233171151,1.92583126713426e-09,4.28214246456911e-08
"106","uc.344",6.74478025509128,2.08175345739947,0.803608241095896,2.59050785064192,0.00958344356528612,0.0304075427976994
"107","uc.345",104.051379808123,4.50135980363881,0.504533916730262,8.92181804706177,4.58695375185901e-19,8.66934259101353e-17
"108","uc.346",11.0031490619871,1.09387365742022,0.554626377515373,1.97227124739464,0.0485786500958057,0.114767060851341
"109","uc.347",0.043368610358771,-0.0769055896449396,5.83212228832911,-0.0131865529978407,0.989478957862582,NA
"110","uc.348",3.59383482619515,0.412427105472635,0.782814622458268,0.526851560561672,0.598296674137581,0.720928387296746
"111","uc.349",3.70451410554289,0.45651914769116,0.792321441284374,0.576179217050002,0.564494051312067,0.688318552890197
"112","uc.350",5.17394618364849,0.897364304808936,0.769596362449888,1.16601942081992,0.243606593502427,0.388994264074076
"113","uc.351",0.0214573374349167,-0.146512857473758,8.61180177666705,-0.0170130317990739,0.98642621940476,NA
"114","uc.352",0.0103354511293901,-0.181274014839831,8.61180177666705,-0.0210494876148889,0.983206178998728,NA
"115","uc.353",0.03571330204308,-0.129128970834862,8.51823765368513,-0.0151591181280319,0.987905236919163,NA
"116","uc.354",2.38064148977723,-1.37449677878612,1.39626915805279,-0.984406746262998,0.324915562355665,0.483653153035077
"117","uc.355",0.892420780461669,0.939167782175287,1.38507576854476,0.678062387274329,0.497732137634376,0.635617391979034
"118","uc.356",39.4964516527856,-1.76624290033646,0.332518675784963,-5.31171037586676,1.08601104155323e-07,1.57889297579662e-06
"119","uc.357",10.1589542896403,-1.08074787957308,0.966403988932762,-1.11831893488622,0.263430802774582,0.408101817413082
"120","uc.358",0.771760051427355,0.1506769326576,1.28590737378129,0.117175572463299,0.906720923902418,0.946796986837331
"121","uc.359",432.078071153579,0.489929855381438,0.364328799775058,1.34474643696553,0.178707132940565,0.309643823551584
"122","uc.360",903.695635387703,0.0576283166977965,0.32669369367841,0.176398619908851,0.859980788818193,0.931314510735734
"123","uc.361",8.50215351015362,1.02289057440206,0.601527639042245,1.70048807072391,0.0890391583939571,0.180950547703848
"124","uc.362",0.240588711849682,0.595168951240715,2.48890850826343,0.239128497196539,0.811005945113647,NA
"125","uc.363",0.892607624138247,0.00668551875909232,1.41409402257856,0.00472777527685286,0.996227795152291,0.996227795152291
"126","uc.364",0.0741488418136154,0.0100393448324149,4.0633984613069,0.00247067692917962,0.998028687029039,NA
"127","uc.365",0.0865052074115907,0.0795830158782325,2.97927653304658,0.0267121950565803,0.978689286355283,NA
"128","uc.366",85.1226025357897,-0.716680149184386,0.239475872256774,-2.99270294928058,0.00276518746659615,0.0110025353934036
"129","uc.367",25.7394604261045,-0.140468438329847,1.01657379355953,-0.138178299715947,0.890099504886707,0.934604480131043
"130","uc.368",39.5855041418077,0.422395014099597,0.433354784852992,0.97470947330808,0.329704392490564,0.483653153035077
"131","uc.369",39.2449709258269,0.423743588547617,0.435610132645997,0.97275879689414,0.330673195236457,0.483653153035077
"132","uc.370",8.82475498272315,-1.07503056773893,1.11542981943719,-0.963781449093196,0.335155509168053,0.487264547944324
"133","uc.371",22.7588779005502,-0.730450031817634,0.44698351495675,-1.63417666955416,0.102221759855458,0.199174356831768
"134","uc.372",48.6658274314408,0.270272518539919,0.242557201768124,1.11426301330063,0.265166369459784,0.409113827166524
"135","uc.373",4.30278288610947,0.109212657693087,0.717711670556213,0.152167872104475,0.879054533182571,0.933378127929809
"136","uc.374",1.41400122527882,-1.30294785806578,1.01718058038729,-1.28094055587425,0.200214546330797,0.33786204693322
"137","uc.375",4.32115825980334,-1.21274441466594,0.875289862180951,-1.38553462923032,0.165889051320122,0.295783308485877
"138","uc.376",73.1300044545138,-0.505285697129557,0.29159040764731,-1.73286117745245,0.0831203460219752,0.172634564814872
"139","uc.377",76.9859268472122,-0.211307906424902,0.292178138511782,-0.723216006170772,0.469547186579298,0.617352291838834
"140","uc.378",50.251272550666,-4.0407428600373,0.692580950866707,-5.83432572752781,5.40085232432019e-09,1.13417898810724e-07
"141","uc.379",0.518871119516464,0.829465954911593,1.15436806893241,0.718545477161979,0.472421017721375,0.617352291838834
"142","uc.380",0.0265047344114224,-0.111691953936036,6.74206931997404,-0.0165664202836268,0.986782513612352,NA
"143","uc.381",0.117126311844961,-0.514874643167885,4.00717645451943,-0.128488138471465,0.897762684546813,NA
"144","uc.382",8.82688124448343,1.43865763314532,0.843483165963482,1.70561511029327,0.0880797641797487,0.180232385094611
"145","uc.383",0.112960789024971,0.0795750849670455,3.51664454153806,0.0226281286115549,0.981946906181695,NA
"146","uc.384",13.3788069831317,0.932882863912044,0.337695406117163,2.76249794049132,0.00573609236538593,0.0208484895588065
"147","uc.385",55.5259916996683,0.527531610579761,0.440400766184846,1.197844443255,0.230977581574324,0.37796331530344
"148","uc.386",0.0608719273915823,-0.00734881490076801,4.41835570361649,-0.00166324655453903,0.998672921865194,NA
"149","uc.387",17.5259130113846,-0.573447407963194,0.425581920936489,-1.34744306501867,0.177837578662461,0.309643823551584
"150","uc.388",58.92573707747,0.810594184143857,0.307115605755182,2.63937803535137,0.00830583037344833,0.0272772310160144
"151","uc.389",4.90752099251868,1.8756634659165,0.685469082833824,2.73632102875049,0.00621303810042587,0.0221559283203866
"152","uc.390",95.4691082086721,-0.191555357921869,0.232855349032701,-0.82263670865885,0.410714617014996,0.556452061762253
"153","uc.391",158.453994317814,-0.0156112498308618,0.276690662401952,-0.0564213106988885,0.955006180511712,0.973025165049669
"154","uc.392",0.470447582324602,1.23453818599829,1.55512560817192,0.793851107274554,0.427282115913552,0.572739857501144
"155","uc.393",218.646806497345,0.165439088850485,0.187084644568267,0.88430073581008,0.37653389118259,0.52135461856051
"156","uc.394",0.0747524936329869,0.0274294935415649,3.55692020045672,0.00771158530293788,0.993847106131476,NA
"157","uc.395",30.4503209274783,-0.805202916242412,0.305378642477406,-2.63673618334978,0.00837079047052293,0.0272772310160144
"158","uc.396",0.0230695145015236,-0.129132278790721,8.61180177666705,-0.0149948038911664,0.988036325811665,NA
"159","uc.397",11.1083659103873,0.00541237735768582,0.608873168151451,0.00888917042299284,0.992907561565554,0.996227795152291
"160","uc.398",5.22700872063937,-0.304655373257895,0.618340830519722,-0.492698133813724,0.622225896458579,0.738964965538056
"161","uc.399",0.102139586407929,-0.445337827418323,2.69143000226169,-0.16546513453595,0.868577890144587,NA
"162","uc.400",0.443286955150379,0.479215150422787,1.30015507718355,0.368583070460242,0.712438516276884,NA
"163","uc.401",16.7642354472949,0.203875890637983,0.7299948435843,0.279284014715701,0.780026872827434,0.874462145228809
"164","uc.402",14.5166408701216,-0.157482557928131,0.320127488610235,-0.491937004884548,0.622763877380686,0.738964965538056
"165","uc.403",2.87924258701478,3.80378513335779,1.23435280451297,3.0816028605846,0.00205889327840155,0.00845936586125853
"166","uc.404",0.16394451997543,0.166494144920376,2.79115745388167,0.0596505742407447,0.95243393763079,NA
"167","uc.405",0.0573844364465748,-0.00733825054341912,3.8323960177407,-0.00191479442872014,0.9984722160218,NA
"168","uc.406",4.47610707840596,-1.09629593818032,0.459879955886591,-2.38387414834551,0.0171314599387283,0.0500050986026003
"169","uc.407",20.9970813990366,-2.27922054254661,0.409072606915642,-5.57167726221429,2.52298478634605e-08,4.0482584539744e-07
"170","uc.408",66.0555613491733,0.554376295603191,0.269320669590996,2.05842461495842,0.039549390870861,0.0990044354250693
"171","uc.409",6.68826944047066,0.204059127115963,0.563172588922934,0.362338528418483,0.717099069928968,0.814004349649099
"172","uc.410",0.414341063643109,-0.656064502864115,1.16656410032752,-0.562390444451291,0.573850028071259,NA
"173","uc.411",93.2424049223309,2.27682382700168,1.21553034696434,1.87311146339358,0.0610529947147576,0.138191808396278
"174","uc.412",88.5355304144706,2.09049576772007,1.18308182897744,1.7669916961931,0.0772296189714426,0.163088245649192
"175","uc.413",80.2887059849093,-0.377109300805798,0.278526765666597,-1.35394277064635,0.175754636683905,0.309643823551584
"176","uc.414",1777.39173047555,-1.4882808042476,0.404498411552107,-3.67932422413452,0.000233852807393108,0.00146235960449613
"177","uc.415",1.3575621645244,2.68195674569768,1.19249231786723,2.24903482019436,0.0245102808182138,0.0661777582091772
"178","uc.416",9.15376120657838,5.49415071943019,1.41937566558212,3.87082211753778,0.000108468923521785,0.000770184645705921
"179","uc.417",1.82309950019865,3.15027182072149,1.29583853048104,2.43106818220018,0.0150543812977994,0.0444574697700639
"180","uc.418",1560.71245038939,0.309388767418973,0.120191543039485,2.57413092131893,0.0100492239100408,0.0311361199835691
"181","uc.419",1527.07146893494,0.284692428272596,0.133365447098328,2.13467906768007,0.0327872339637879,0.0837403678264314
"182","uc.420",4835.81137407412,0.335614795834399,0.176683038542564,1.89953036014573,0.0574947787387181,0.131715311292336
"183","uc.421",68.4154526452214,1.18926910162047,0.693479972679113,1.71492926756916,0.0863581959170517,0.178379224353254
"184","uc.422",65.0191365219702,1.92625601683365,1.01831678296015,1.89160784646426,0.058543249679522,0.13330932758349
"185","uc.423",24.47271717406,1.82891573400658,1.94684845631695,0.93942377901695,0.347513209005081,0.497575731075456
"186","uc.424",10.2722733477724,5.66261482721977,3.55075069060231,1.59476553569556,0.110764676667458,0.211459837274238
"187","uc.425",16.5820754839657,3.3852669621057,1.11198337216321,3.04435034448414,0.00233183414350084,0.00937695006641826
"188","uc.426",6.71680292416264,-1.29441719175676,0.368989756962589,-3.50800304705477,0.000451483878743157,0.00254717770395393
"189","uc.427",11.327476881017,-1.14909376818297,0.559796176414675,-2.05270028020299,0.0401016548664327,0.0997264838125761
"190","uc.428",0.643571070442685,1.73887519100779,1.84923648193201,0.940320617723852,0.347053126974576,0.497575731075456
"191","uc.429",5.68436762712974,-0.242731515872602,0.378135098716218,-0.64191744351869,0.520926787650376,0.649869061821261
"192","uc.430",14.2151510027667,-4.87868025348366,1.41896347297136,-3.43820002869245,0.000585594949094034,0.0031176745177119
"193","uc.431",0.370848067962964,-0.243112746619116,2.74585088232593,-0.0885382189484311,0.929448909268756,NA
"194","uc.432",0.0858859228863095,-1.73958072558989,5.12588752495471,-0.339371614597661,0.734329799364334,NA
"195","uc.433",0.123230020328609,0.11434437992346,3.12578763397545,0.036580981599839,0.97081910786463,NA
"196","uc.434",2.0678944183786,2.20085492975022,1.70388137386667,1.29167145289918,0.196470947614415,0.333031471741026
"197","uc.435",29.5916616602053,0.23939057011032,0.418216738994696,0.572407911471367,0.567045657274323,0.689206618809306
"198","uc.436",48.5601280880512,0.0619521346299509,0.361407259440726,0.171419176044834,0.863894177636182,0.931314510735734
"199","uc.437",8.84797450577395,-0.810171417240649,0.359969101622977,-2.25066933130611,0.0244064886058491,0.0661777582091772
"200","uc.438",8.89881496141992,-0.806781542862262,0.365208265334081,-2.20909990118719,0.0271676930053142,0.071218367843432
"201","uc.439",8.78642046466067,-0.473462814383547,0.400121450444605,-1.18329775586249,0.23669116189468,0.383988236893514
"202","uc.440",8.79724912710966,-0.496250436034506,0.397733724798459,-1.24769514148182,0.212142721227894,0.353259685568917
"203","uc.441",7.00214613793679,-0.320356059844756,0.407325841188481,-0.786485971305018,0.431582834618518,0.576460464614134
"204","uc.442",7.02842614094997,-0.559354722556604,0.336851089594942,-1.66054004227571,0.0968058594386116,0.190586535769767
"205","uc.443",775.450588358848,0.033119788906787,0.231296100688098,0.14319216280887,0.88613841921232,0.934604480131043
"206","uc.444",51.9053745815219,1.82099106514301,1.67361464645351,1.08805875295236,0.276569171167693,0.424972141062552
"207","uc.445",0.0891011166832984,0.0969622418136676,3.15637943059241,0.0307194505432033,0.975493279191846,NA
"208","uc.446",2.49052757522239,-3.36728121141972,1.03872497887024,-3.24174471579773,0.00118800388644866,0.00561331836346992
"209","uc.447",2.41744267364999,-3.40517884817974,1.24338460729999,-2.73863680488541,0.00616944866291046,0.0221559283203866
"210","uc.448",2.60255620089653,-3.51160352691148,1.02124267780125,-3.43855931919337,0.000584818393799911,0.0031176745177119
"211","uc.449",3.37751615207892,-2.5977101570959,0.728454168989904,-3.56605846692863,0.000362390556327953,0.00213069888270127
"212","uc.450",0.0537397180662593,-0.0247247760305037,4.11747175069462,-0.00600484411977632,0.995208856380118,NA
"213","uc.451",5.59573179896573,0.753282517036129,0.832182610261907,0.905188966636847,0.365365286048339,0.513412929837444
"214","uc.452",12.6701493457951,1.1435961688036,0.629908498703277,1.81549569684771,0.069447766662243,0.150869286197287
"215","uc.453",5.64371393763627,0.471093192657745,0.4813605158989,0.978670200604257,0.32774296059106,0.483653153035077
"216","uc.47",0.110624870045954,0.166486048487303,3.35004936079322,0.0496965956489319,0.960364169387863,NA
"217","uc.48",174.378746677312,0.362562404012609,0.275685205938024,1.31513188304386,0.188465582968637,0.322352897566267
"218","uc.49",261.354230135767,-0.828931479857436,0.222072898525383,-3.73269987180668,0.000189438268209851,0.00123461492040213
"219","uc.50",827.446524855304,0.946701065694447,0.215474383400165,4.3935666539827,1.11505980111936e-05,9.5793773823436e-05
"220","uc.51",0.420552586490065,-0.0373150153231573,1.96293106203106,-0.0190098450449641,0.984833251619485,NA
"221","uc.52",1.95907827363582,-2.40548518064766,1.03734364863115,-2.31888939005108,0.0204010345697269,0.0575491870698266
"222","uc.53",2.6394787022363,-1.97825089078567,0.76061059690077,-2.60087211359712,0.00929871110633462,0.030041989728158
"223","uc.54",0.525949353956888,-2.86344763748613,1.0481142064274,-2.73199964271687,0.00629512092441655,0.0222388384058828
"224","uc.55",0.0761598293856914,0.0274150175422384,4.3786607136016,0.00626105088642244,0.995004436801655,NA
"225","uc.56",0.220265622516318,0.536434335388446,2.15142820558155,0.249338710906899,0.803098789688595,NA
"226","uc.57",0.0210014487410845,-0.146512857473758,8.61180177666705,-0.0170130317990739,0.98642621940476,NA
"227","uc.58",0.0381757767810684,-0.688726827451092,7.38405537876597,-0.0932721644303531,0.925687345228299,NA
"228","uc.59",0.0559450255340599,-0.636556939531891,5.22308139172078,-0.121873831133651,0.902998940838351,NA
"229","uc.60",0.131835897388801,0.218646066629626,2.2364446079773,0.0977650266184661,0.922118879019977,NA
"230","uc.61",37.2371260262086,-2.77126318689725,0.522506079607011,-5.30379127642223,1.13421992822685e-07,1.58790789951759e-06
"231","uc.62",7.0069050951642,-4.31992810748388,0.691494232829457,-6.24723663971512,4.17777871206762e-10,1.11845969551656e-08
"232","uc.63",81.5742227139046,0.27818246605639,0.240462890929624,1.15686235402454,0.247328601502311,0.391172432501563
"233","uc.64",78.0487151542989,-0.583400823307928,0.433391517527634,-1.34612884588986,0.178260967269832,0.309643823551584
"234","uc.65",0.21362030964174,0.412767200934241,5.13774795179313,0.0803401032528622,0.935966763496666,NA
"235","uc.66",143.995097060009,-0.602385814677236,0.446635143057665,-1.34872014448595,0.177426872600829,0.309643823551584
"236","uc.67",0.0541077863473968,-0.636549307062355,4.42887343063085,-0.143727138973959,0.885715939894105,NA
"237","uc.68",16.7670923692644,1.82172753263136,0.589013747971527,3.09284382394317,0.00198248436116239,0.00832205559451264
"238","uc.69",5.48880783444491,2.23777529318349,2.30386410530169,0.971313927776331,0.331391975227738,0.483653153035077
"239","uc.70",6.35065568468742,4.38322183838506,1.84652392654722,2.37376931615566,0.0176075471593606,0.0504216123199871
"240","uc.71",61.2176635476939,-0.218189913071972,0.176634118361829,-1.23526482366797,0.216731960764062,0.357749699427142
"241","uc.72",57.7086446477076,-0.759456719827787,0.176897552619625,-4.29320083054407,1.76115568397821e-05,0.000144721054031253
"242","uc.73",54.2053744569979,-0.552863857282735,0.176867060919092,-3.12587236091203,0.00177278478024096,0.00752935558349532
"243","uc.74",55.0488454658204,-0.402652485939478,0.308024325892643,-1.30721002236627,0.191141392616132,0.325456965805846
"244","uc.75",479.402851892364,-1.33794696544882,0.326075191949321,-4.10318539552303,4.07500447302816e-05,0.000314357487919315
"245","uc.76",87.6013611542253,-0.297945178409288,0.388168690480527,-0.76756623013683,0.442744931592547,0.585166378118821
"246","uc.77",61.6715648178508,-0.65485267815658,0.458817634084175,-1.42726135507782,0.153504575238932,0.274998717726618
"247","uc.78",53.0491404714255,-1.04704277131477,0.470454736845286,-2.22559725582932,0.0260411701771277,0.0688361001884913
"248","uc.79",49.5118206684524,-1.01310971888692,0.518660207139005,-1.95332070003087,0.0507816061708761,0.118490414398711
"249","uc.80",44.5606459801158,0.229537474032004,0.854272513535239,0.268693502828633,0.78816555197699,0.875833332020573
"250","uc.81",0.050141820868645,-0.688706720872095,5.76331012445051,-0.119498466332793,0.904880455020086,NA
"251","uc.82",0.0395292642014373,-0.688707832674322,5.86464433372007,-0.117433861882202,0.906516251803479,NA
"252","uc.83",0.118486921586672,0.201252079937243,3.17818298833146,0.0633229995491541,0.949509301521589,NA
"253","uc.84",6.6605040428449,-0.697089297271479,0.480456270241244,-1.45089020676421,0.146810435333061,0.266799733441813
"254","uc.85",0.0459252460635523,-0.0595113238348748,5.28435320433168,-0.0112617990383558,0.991014574354936,NA
"255","uc.86",0.0616008396185022,-0.619164837717203,4.08783998884914,-0.151465037625291,0.879608888541993,NA
"256","uc.87",0.27366270979884,0.658130232040472,1.83868766376918,0.357934762389905,0.720392135228018,NA
"257","uc.88",0.497570948308135,-0.0245289370147737,1.75668400725327,-0.0139632039191425,0.988859337192563,0.996227795152291
"258","uc.89",227.171772895397,0.726213117079042,0.882704358534299,0.822713867964688,0.410670727145781,0.556452061762253
"259","uc.90",21.9475733190262,-5.36403822538799,0.954155564965236,-5.62176485925901,1.89016427377502e-08,3.46935669551465e-07
"260","uc.91",27.6950278480044,2.72514997676022,0.845996021670616,3.22123261452078,0.00127640503626615,0.00581302534588678
"261","uc.92",1.11015085032037,1.25029867603604,1.11744402214894,1.11889155183953,0.263186407521251,0.408101817413082
"262","uc.93",0.214983054624495,0.430302968273566,2.63933280725819,0.163034751468336,0.87049107300065,NA
"263","uc.94",0.120548934675951,0.183881531543764,2.32619186224704,0.0790483083223149,0.936994198764084,NA
"264","uc.95",9.37636514267629,1.54115351172478,0.678824985835965,2.27032525891319,0.0231878555950332,0.0644485986391364
"265","uc.96",205.808536558515,1.69868714709619,0.201145600747697,8.44506238655901,3.03883122333654e-17,3.82892734140404e-15
"266","uc.97",457.329483539025,1.20128084367266,0.207262213327706,5.79594719358368,6.7936639525868e-09,1.35158156530411e-07
"267","uc.98",1.49535787463564,0.113539104280772,1.22208512374654,0.0929060521845614,0.925978197598531,0.951345189140603
"268","uc.99",0.735118797911602,1.10405380674698,1.23744747638056,0.892202560367449,0.372284370089291,0.521198118125008
"269","uc.100",15.2906066405238,2.39521414804452,0.478210798998382,5.0086994126049,5.47990790792503e-07,6.90468396398553e-06
"270","uc.101",557.202255432588,0.53912154437106,0.146619783283253,3.6770041006645,0.000235989248344614,0.00146235960449613
"271","uc.102",1007.52647639707,-0.140786249985828,0.240455504518664,-0.585498137244348,0.558212818755037,0.68286228313723
"272","uc.103",328.446323591467,0.161373156615872,0.385470065082053,0.418639918462986,0.675479311260233,0.785634398942671
"273","uc.104",279.934854253436,-0.0711780784452567,0.829791611797258,-0.0857782573760791,0.931642690862218,0.954365683322273
"274","uc.105",241.053132041484,-0.617270021931336,0.624898102095246,-0.987793081562684,0.323253996543416,0.483653153035077
"275","uc.106",278.066608881569,-0.101931374516775,0.627500902289272,-0.162440203902346,0.870959213101871,0.931314510735734
"276","uc.107",0.336192165766217,0.297024728695452,1.41545766995398,0.209843596880653,0.833789745133218,NA
"277","uc.108",0.332297996245058,0.117461768732575,1.48382931946045,0.0791612399027717,0.936904373882309,NA
"278","uc.109",2.43497757443722,2.37110312220703,1.18876881390909,1.99458725234388,0.046087915058031,0.110963260458189
"279","uc.110",13.80400186759,5.51001308137977,1.18604044374852,4.64572107167374,3.38890639627871e-06,3.660018907981e-05
"280","uc.454",82.952390481497,-1.48122409739528,0.383007931513299,-3.86734575324022,0.000110026377957989,0.000770184645705921
"281","uc.455",452.814137948936,0.363752065243802,0.184226776190214,1.97447989247898,0.0483272015980953,0.114767060851341
"282","uc.456",782.47935568662,0.652690348448315,0.288493931426798,2.26240581637305,0.0236723419062835,0.0650254700796703
"283","uc.457",125.018181703489,-0.748037861294627,0.269528770819777,-2.77535440472442,0.0055141582624182,0.0202364254679037
"284","uc.458",46.0732818855637,0.412369200092575,0.445596341456488,0.925432194404231,0.354741138778756,0.503999516405977
"285","uc.111",164.759403212606,-0.273809141094042,0.255657725007142,-1.0709988954427,0.284169926296064,0.434883530930819
"286","uc.483",25.0093005341645,-0.223152295638478,0.369857268228434,-0.603347060630571,0.546277832093339,0.672615702056294
"287","uc.112",0.17640574874966,-0.306157542017034,2.14754260510099,-0.142561801237297,0.886636267453017,NA
"288","uc.113",0.428206930380312,-0.471915743289825,1.77127944540672,-0.266426477489815,0.789910775818013,NA
"289","uc.114",0.221308518776445,-0.743220286931738,1.97304304996699,-0.37668731401688,0.706405991547504,NA
"290","uc.115",0.00881622812670735,-0.181274014839831,8.61180177666705,-0.0210494876148889,0.983206178998728,NA
"291","uc.116",0.0294239624462628,-0.723506517340547,8.61180177666705,-0.0840133732874376,0.933045799014856,NA
"292","uc.117",0.067631602803559,-1.17884227577268,4.08292886618939,-0.288724666631995,0.772792084974998,NA
"293","uc.118",0.0769749350658284,-1.68966851160373,3.54180317166996,-0.477064486564071,0.633316202331286,NA
"294","uc.119",3.9702667355926,0.238797637778782,0.58259697723925,0.409884786753223,0.681890465753029,0.788056450302327
"295","uc.120",3.87778620596633,-0.244546601381899,0.560210229728638,-0.436526483103236,0.662454788982365,0.77525668803509
"296","uc.121",3.62360469622373,2.39549143261105,1.13760656958514,2.10572925355435,0.035227877227035,0.0887742506121281
"297","uc.122",3.01781822918115,0.384618937177156,1.03370704353575,0.372077311054768,0.709835288697159,0.808185961227489
"298","uc.123",0.0601906960327899,-0.0247301800472373,4.40981353814489,-0.00560798769229611,0.995525496656658,NA
"299","uc.124",0.0547109438323109,-0.0595385304107671,6.37797789025073,-0.00933501674594651,0.992551842438955,NA
"300","uc.125",0.062192416568684,0.0274141297910875,4.42408958811696,0.00619655846588674,0.995055893310065,NA
"301","uc.126",0.0272174754279981,-0.111691538864915,6.72726161345624,-0.0166028237465157,0.986753471845594,NA
"302","uc.127",5.02037055648908,4.61470000267283,1.4737330622798,3.13129977252061,0.00174034414987451,0.00747556918923369
"303","uc.128",4.0790787844099,4.32314930981098,1.77368367673538,2.43738461740151,0.0147939346508104,0.0440323409291837
"304","uc.129",62.1509099370733,-0.214577451011293,0.330825651642102,-0.648611889514028,0.51658926859123,0.648287562131699
"305","uc.130",0.0812917856834624,0.0100443339852613,3.77438821250112,0.00266118200348167,0.997876686472114,NA
"306","uc.131",81.8486776523642,0.365914156622969,0.512526710972487,0.71394163228814,0.475263272288626,0.617352291838834
"307","uc.132",77.8645335826968,-0.0993917561291113,1.04253908796598,-0.0953362394526881,0.924047758811498,0.951345189140603
"308","uc.133",77.9414692924056,-0.0979204105690065,1.04252413842053,-0.0939262765822955,0.925167720411219,0.951345189140603
"309","uc.134",1.49814043647712,0.941988785208295,3.0773555358239,0.306103332631696,0.759525970571963,0.854466716893458
"310","uc.135",24.8990977233684,0.767674392667785,0.461632683758468,1.66295502826538,0.0963214379342086,0.190586535769767
"311","uc.136",2.67466155999403,0.118768279474568,0.738215295086737,0.16088569319146,0.872183430689021,0.931314510735734
"312","uc.137",0.268177010289584,0.428632021420921,1.61896970948397,0.264756047571478,0.791197397856835,NA
"313","uc.138",474.154811123008,0.475107760607483,0.183399173980331,2.59056652380798,0.00958181002490186,0.0304075427976994
"314","uc.139",69.0930361316497,0.139011904995702,0.194596034176425,0.714361449266079,0.47500370362128,0.617352291838834
"315","uc.140",0.454665168290063,1.1829233412706,1.30208983204344,0.90848059186068,0.36362436320818,NA
"316","uc.141",1167.30152552172,0.654661180677822,0.289504015952316,2.26131985949947,0.0237394573306733,0.0650254700796703
"317","uc.142",0.228571299928017,0.582178634514014,1.93804726251508,0.300394446396781,0.763876299331831,NA
"318","uc.143",243.232485255568,-2.23858622279763,0.225483250681108,-9.92794904293614,3.14660914063105e-23,1.18941825515854e-20
"319","uc.144",1560.30358891641,-0.180160602082291,0.208310268584876,-0.864866640066205,0.387111989529517,0.533573394485352
"320","uc.145",0.17594956634626,0.323667051762005,1.99549350274847,0.162199000556106,0.871149146819444,NA
"321","uc.146",0.00950981117794189,-0.181274014839831,8.61180177666705,-0.0210494876148889,0.983206178998728,NA
"322","uc.147",39.5781636628274,0.59168812846203,0.259035575897335,2.28419639430739,0.0223599913888045,0.0626079758886525
"323","uc.148",17.4690148680563,-0.0872105146195553,0.359746808367583,-0.242421927286274,0.808453245497092,0.888358508133433
"324","uc.149",17.3841683340903,-0.0968051521715942,0.369703653399563,-0.261845267909675,0.793440737507286,0.875833332020573
"325","uc.150",0.0883425362924726,0.0100399974635417,4.02677256001609,0.00249331128438541,0.998010627482103,NA
"326","uc.151",615.923693374918,-0.250837056208064,0.140994189212442,-1.77905953152522,0.0752300024612925,0.160660683222421
"327","uc.152",0.0817579723052356,-0.0421101682167027,4.32775808997823,-0.00973025001425496,0.992236506246107,NA
"328","uc.153",266.604542401792,1.30933719164624,0.192924592289923,6.78678221425811,1.1466209376474e-11,4.81580793811909e-10
"329","uc.154",623.324707483798,0.789230531812311,0.297745711231988,2.65068648192009,0.00803283687444722,0.0266351959521145
"330","uc.155",12.4650035162198,5.36596870993819,1.22014873101663,4.3977988695421,1.09354244342225e-05,9.5793773823436e-05
"331","uc.156",0.49903286095725,1.28411398015291,1.39233699578965,0.922272398159354,0.356386507654722,0.503999516405977
"332","uc.157",0.927926910359126,2.1351572138944,1.27525972417813,1.67429204687732,0.0940732167865905,0.189147212475166
"333","uc.158",0.62365137725287,0.878770964472814,1.27559715934798,0.688909471170349,0.490880238869021,0.633285768916348
"334","uc.159",1.64842277012326,1.79117139772014,1.35636422802607,1.3205681488127,0.186645398944923,0.320690730914459
"335","uc.160",0.47148373055114,0.664913573004452,1.13061818257275,0.58809736412643,0.556466942274883,0.68286228313723
"336","uc.161",105.480525130235,1.25234751815464,0.200768246702256,6.23777683336497,4.4383321250657e-10,1.11845969551656e-08
"337","uc.162",0.628941372241957,1.0266195691477,1.56428065510595,0.656288605114894,0.511638447825558,0.647896774076382
"338","uc.163",2.19807654859145,1.6482288349843,1.04909597989617,1.57109441516249,0.116160719665846,0.218451502655173
"339","uc.164",3.12774597024957,2.23868149975311,1.04769703689744,2.13676417982677,0.0326171769449763,0.0837403678264314
"340","uc.165",87.4819916476449,1.69099346210904,0.506560797495255,3.33818461766157,0.000843276998558679,0.00425011607273574
"341","uc.166",950.406860712808,1.33456966864848,0.410045273177098,3.2546885818437,0.00113516766793072,0.00543156175288368
"342","uc.167",8.48259037297189,-0.695492766051732,0.442270802176352,-1.57254958416724,0.115823149325271,0.218451502655173
"343","uc.168",0.11820031047176,0.149104578401194,3.33709784017143,0.0446809130395573,0.964361647690171,NA
"344","uc.169",628.001978569981,-0.460813533688754,0.271554998490839,-1.69694366242461,0.0897073121698075,0.181333497327205
"345","uc.170",34.369220071425,0.652826883936404,0.274014082412632,2.38245742039391,0.0171975206834339,0.0500050986026003
"346","uc.171",0.988539936336289,2.19918653707373,1.14497170700265,1.92073439336841,0.0547652012654134,0.126227110233697
"347","uc.172",0.799090506391704,0.307451569892283,1.16511337842459,0.263881245881841,0.791871427212558,0.875833332020573
"348","uc.173",1361.56079524559,-0.472937406100493,0.323039217127765,-1.46402474072812,0.143187188546629,0.262741540148668
"349","uc.174",1287.18809434565,-0.965245158715394,0.212483841367407,-4.54267558654677,5.55446971542013e-06,5.40938368266278e-05
"350","uc.175",3.24955588177787,2.00924693853104,1.4022795627122,1.43284334447897,0.151902611235034,0.273424700223062
"351","uc.176",1.98835761298379,-3.40587136558563,1.14179631213997,-2.98290625864986,0.0028552543089812,0.0111266611215968
"352","uc.177",1.60763665284425,-2.0062176566605,1.10992123813002,-1.80753155065358,0.0706794399180808,0.152667590223054
"353","uc.178",1.57357986712819,-2.04223951420693,1.13840709014779,-1.79394483035222,0.0728219750065221,0.156401741775371
"354","uc.179",2.06429508560013,-0.955146858013731,0.834007548425151,-1.14524965609403,0.25210575400517,0.394085119665155
"355","uc.180",2.05815577651989,-0.950924551003438,0.827427822962669,-1.14925377732475,0.250451351786788,0.394085119665155
"356","uc.181",2.04466062639936,-0.959672405702587,0.828456294805068,-1.15838628026647,0.246706435471405,0.391172432501563
"357","uc.182",3.27147886202103,-0.886724090119835,0.77457639341649,-1.14478584379352,0.252297880843829,0.394085119665155
"358","uc.183",50.396808395379,-1.35325346181222,0.277029777678024,-4.88486643260796,1.03498991067377e-06,1.22258183198339e-05
"359","uc.184",215.116160044936,-1.18301676192363,0.244407150099486,-4.84035250786274,1.29609019350942e-06,1.48461240347443e-05
"360","uc.185",143.184415943909,-0.670741260656675,0.225414711337827,-2.97558778074356,0.00292427645918609,0.0111654192078014
"361","uc.186",1766.71796712224,0.295853512414409,0.166921305339082,1.77241312493583,0.0763260046692085,0.162085560477308
"362","uc.187",2.27972230005805,3.47986986448429,1.20437586592733,2.88935536067463,0.00386032552340009,0.0144475549291607
"363","uc.188",179.697686927119,-1.20502125520957,0.349716969123025,-3.44570427403443,0.000569573298374224,0.0031176745177119
"364","uc.189",1861.48946875296,1.17685826325415,0.234588153422272,5.01669946280594,5.25666987206034e-07,6.85179728151313e-06
"365","uc.190",0.959113653682618,1.69374402033519,1.79577380053742,0.943183389705489,0.345587107965118,0.497575731075456
"366","uc.191",0.0950439093110993,0.0621991998200426,3.13186310775032,0.0198601272405937,0.984154952718878,NA
"367","uc.192",0.1318433982723,0.183877244229691,2.6861478554766,0.0684538804722892,0.945424331962986,NA
"368","uc.193",730.146338756964,1.27438112404427,0.194471361121523,6.55305293640603,5.63725213952499e-11,2.13088130874045e-09
"369","uc.194",6.41480839089667,-2.1852315578028,0.975572629301841,-2.2399475878763,0.0250943256945552,0.066800388116492
"370","uc.195",6.65354116696981,2.32181127725919,0.690333766282358,3.36331697891991,0.000770118820084856,0.0039338501890821
"371","uc.196",9.03466095001896,0.854468578177962,0.670797473993396,1.27381007130384,0.202730735025691,0.339080609910227
"372","uc.197",10.0864431049012,-0.224012657829574,0.80926682280059,-0.27680939279624,0.78192646848502,0.874462145228809
"373","uc.198",7.80459044518674,-0.541693625334751,0.756698754752758,-0.715864301259149,0.474075143342066,0.617352291838834
"374","uc.199",6.92857669723606,0.714314304478453,0.883716879353161,0.808306733940961,0.418914026965379,0.563521360117129
"375","uc.200",0.891042965313724,1.01594828909527,1.14564860845092,0.886788742727124,0.375192649512878,0.52135461856051
"376","uc.201",0.264395038829225,0.607989139140643,2.24503511089794,0.270814980215373,0.786533337733495,NA
"377","uc.202",57.0746094311734,1.06784056387641,0.391446459146175,2.72793517204266,0.00637321317786508,0.0223062461225278
"378","uc.203",784.279692598845,1.07683969946839,0.216240062254404,4.97983439443103,6.36387054084193e-07,7.75981633689759e-06
"379","uc.204",1.49408504447383,2.81080143406295,1.0860855582571,2.58801105741025,0.00965318818974584,0.0304075427976994
"380","uc.205",0.246138384429854,0.464462104743594,2.33640936613133,0.198793118824318,0.842424578949874,NA
"381","uc.206",0.218774002485907,0.531940765375566,2.21386286125734,0.240277198142912,0.810115370543412,NA
"382","uc.207",1.17002570313797,2.52613180987394,1.19708854080456,2.11022971465096,0.0348385742361985,0.0883824232300874
"383","uc.208",395.602427136292,0.0740379394334268,0.222011018120605,0.33348768029705,0.738766187450033,0.833592892107798
"384","uc.209",315.134284533526,-0.194068843068448,0.198919487558646,-0.975615036265528,0.32925527041373,0.483653153035077
"385","uc.210",2.39318022038429,2.3890451023955,1.36605147307398,1.74886902103294,0.0803136626066329,0.168658691473929
"386","uc.211",76.7141055666599,0.483938822767513,0.497424985455362,0.972888047279121,0.330608946154568,0.483653153035077
"387","uc.212",29.8491115793809,7.19963973283185,1.28729545117905,5.59284174137149,2.23382889968469e-08,3.83812420036732e-07
"388","uc.213",78.1008719141097,8.58786427083432,1.1032908746627,7.78386232321539,7.03433066943111e-15,6.6474424826124e-13
"389","uc.214",0.348168225196746,0.806753444184079,1.87902328901817,0.429347229967344,0.667670550483068,NA
"390","uc.215",7.26023547495819,1.74166865110409,0.705454815137059,2.46885925750711,0.0135544517537683,0.0409886621033953
"391","uc.216",5.13238353619076,1.51179600608927,0.748905589790188,2.01867368423944,0.0435211469103915,0.10545508674441
"392","uc.217",93.4606117803495,-2.72528208864673,1.14554743483283,-2.37902159769092,0.0173586588735198,0.0500883439251182
"393","uc.218",5.76373587599682,-1.25765743953446,0.872223781374509,-1.44189767166468,0.149331243151406,0.270082344072877
"394","uc.219",4.69456208736077,-0.431720619437486,0.964005185956553,-0.447840557008106,0.654268270998102,0.768054057258642
"395","uc.220",3.46522148008563,0.339686109510064,1.89533757135777,0.179221957419818,0.857763423325848,0.931314510735734
"396","uc.221",5.46014080029124,0.30819983012153,1.53532865614606,0.200738668484939,0.840902922016625,0.918674290526833
"397","uc.222",1.31917680640286,-0.499297351329107,1.02682156634748,-0.486255224561718,0.62678622106999,0.740391223638926
"398","uc.223",1.63451227930607,-0.47900119542031,0.976117402465291,-0.490720884814204,0.623623873033439,0.738964965538056
"399","uc.224",1.18198873357155,1.9531428866436,1.30214742294846,1.4999399086634,0.133629969010127,0.247608471989353
"400","uc.225",2.15934805596034,-1.77103301159346,0.920284659718575,-1.92444043578326,0.0542994001002972,0.125921308208051
"401","uc.226",1.67655915048442,-1.14940177895706,0.986329399616392,-1.16533257490255,0.243884398208914,0.388994264074076
"402","uc.227",2.74514429249674,-1.66972105672649,0.903929761802689,-1.84718008774995,0.0647210442884146,0.143909145535416
"403","uc.228",0.0797999330893693,-0.00734747794928959,4.34856732363425,-0.0016896318724,0.998651869457025,NA
"404","uc.229",0.0108296944287475,-0.181274014839831,8.61180177666705,-0.0210494876148889,0.983206178998728,NA
"405","uc.230",0.0148205648843784,-0.163893436156794,8.61180177666705,-0.0190312597069814,0.984816168281784,NA
"406","uc.231",13.7951491580072,2.13846225415743,0.660514565215044,3.23757017146352,0.00120552288381438,0.00562577345780042
"407","uc.232",5.72416447821913,0.41659888850239,1.06046198172004,0.39284660429474,0.694432780934051,0.797637687217005
"408","uc.233",96.0084139582186,-0.204344997180323,0.249640611521936,-0.818556708119452,0.413039375282163,0.55760315663092
"409","uc.234",2.48141133749221,3.03922510884636,1.35361337659976,2.24526822901294,0.0247509183369241,0.0663535257543071
"410","uc.235",1.94501827057899,3.28424051772122,1.33619329795318,2.45790824033628,0.0139748875773631,0.0419246627320894
"411","uc.236",0.482259591891032,-1.59991299393558,1.06054399324624,-1.50857767723372,0.131406742336667,0.244688416764828
"412","uc.237",3.04553869832795,-3.02972581986599,0.790360996151984,-3.83334430041052,0.000126412825234476,0.000868800871611489
"413","uc.238",1.76730655678184,-3.82453626399756,0.917003496746697,-4.17068885513095,3.03680264034169e-05,0.000239148207926908
"414","uc.239",8.19724946810651,-0.419352214738398,2.49551306474228,-0.16804248419421,0.866549856717256,0.931314510735734
"415","uc.240",2.65116707733067,-3.86282295997299,1.49780539361555,-2.57898854980655,0.00990900711118959,0.0309554106448733
"416","uc.241",0.364990642313841,-1.19556129012727,2.47089543307485,-0.483857501261993,0.628487003313687,NA
"417","uc.242",0.0229556314364078,-0.146512857473758,8.61180177666705,-0.0170130317990739,0.98642621940476,NA
"418","uc.243",3.40771333334211,-0.0582282686559977,0.62843899164749,-0.092655403992914,0.926177326994027,0.951345189140603
"419","uc.244",0.080765535706051,0.0274296962151236,3.5440629241087,0.00773961885059418,0.99382473926411,NA
"420","uc.245",3.36153910989962,-0.902510713506617,0.77332811782952,-1.16704758652727,0.243191152720128,0.388994264074076
"421","uc.246",166.079698007351,0.0280739308924371,0.260756432184511,0.107663426199097,0.914262682489094,0.949426631815598
"422","uc.247",0.0952825551980698,0.11433751336402,3.57032647303705,0.0320243860687508,0.97445260359803,NA
"423","uc.248",0.0510899369528062,-0.0769038928508034,5.76295668277457,-0.0133445203710568,0.989352929223912,NA
"424","uc.249",0.122044317151651,0.201254681956382,3.00230077132112,0.0670334844126302,0.946555046434274,NA
"425","uc.250",0.174673202516395,-0.288998639435414,2.26388336747491,-0.127656152073664,0.898421091673582,NA
"426","uc.251",5.87549160844901,0.00407484962930593,0.520623519985132,0.00782686427501833,0.993755129595452,0.996227795152291
"427","uc.252",1.87216302412601,1.54975832233313,1.25456482415155,1.23529553236216,0.216720535855866,0.357749699427142
"428","uc.253",4.59311199471997,1.34188560717192,0.664512732597447,2.01935273975378,0.0434505699031819,0.10545508674441
"429","uc.254",0.206204806883554,-1.97393143255826,2.24271683368722,-0.88015187780659,0.378777038599879,NA
"430","uc.255",45.325329396848,-3.6804196761537,0.810367543361841,-4.54166718090082,5.58111014877906e-06,5.40938368266278e-05
"431","uc.256",46.2316944152117,-3.64910522939566,0.814669712471958,-4.47924499159685,7.4907520232477e-06,6.90610796289666e-05
"432","uc.257",41.7127467473452,1.87306528225523,0.336371726936367,5.56843852280594,2.57032282792025e-08,4.0482584539744e-07
"433","uc.258",53.4309002988259,1.12897973279519,0.251575608751251,4.48763589760995,7.20178729520888e-06,6.80568899397239e-05
"434","uc.259",0.253215765345464,0.69264099500049,1.85359202182635,0.373674997973949,0.708646128727245,NA
"435","uc.260",0.204079141988963,0.359298443190718,2.91015950457438,0.123463488041102,0.901740085363212,NA
"436","uc.261",0.203592337946855,0.305657032861143,1.91370283904947,0.159720217070359,0.873101474435545,NA
"437","uc.262",0.0288733327650465,-0.111690586924045,6.69317725736569,-0.0166872297907742,0.986686134894792,NA
"438","uc.263",2607.88084667742,0.212841115604729,0.116271651954985,1.83055037084302,0.0671676819323321,0.146759443759662
"439","uc.264",1597.6482770911,0.497725996484608,0.119132308431161,4.17792623209524,2.94179027281629e-05,0.00023659504747331
"440","uc.265",782.168306900173,-1.39148899196056,0.515151480185724,-2.70112587361467,0.00691051792943557,0.0237470525211513
"441","uc.266",0.374388075880562,0.181883811355086,1.60055858192022,0.11363770961565,0.9095249930126,NA
"442","uc.267",89.7518161793663,0.415594611161931,0.326241675159201,1.27388571971722,0.202703920040398,0.339080609910227
"443","uc.268",355.778909571707,-0.729921350565845,0.273228760105842,-2.67146602825812,0.00755207164234181,0.0252626821310195
"444","uc.269",42.3537568208175,-0.129335865854543,0.253739929191325,-0.509718223169443,0.610248884248138,0.729981260271507
"445","uc.270",241.710773801864,0.508930130088492,0.533071228607216,0.954713184236563,0.339722760690426,0.492012274103376
"446","uc.271",241.559714182122,0.510101871315086,0.553982308750797,0.920790904795031,0.357159604425398,0.503999516405977
"447","uc.272",183.997268639483,0.653558468188965,0.199551315743486,3.27513985940882,0.00105609674741467,0.00518447494185383
"448","uc.273",56.8950009035517,2.18968059644374,0.491199377824396,4.4578244503122,8.27956626769601e-06,7.45160964092641e-05
"449","uc.274",57.7664075716843,2.26283560996148,0.489003308800777,4.62744437355816,3.70205621447864e-06,3.88715902520258e-05
"450","uc.275",46.3110807528979,7.83327483564719,1.09999891665759,7.12116595482568,1.07017838848458e-12,6.74212384745286e-11
"451","uc.276",21.771184794715,6.74653202132083,1.80092965799009,3.74613855204662,0.000179577434359118,0.00119088193311836
"452","uc.277",21.5431199523754,6.7310882363081,2.00088154878264,3.36406132607069,0.000768044747607927,0.0039338501890821
"453","uc.278",20.0906990312185,6.05281766286324,1.9272500979022,3.14064981470318,0.00168573464180927,0.00732422637475753
"454","uc.279",19.4003214250389,6.00228728523927,1.9426643074354,3.0897192388134,0.0020034578283086,0.00832205559451264
"455","uc.280",156.651800962925,1.25087961745313,0.310595229532336,4.02736262027135,5.64060049354969e-05,0.000418068036580742
"456","uc.281",38.7063355675183,1.06267456279618,0.244620564334241,4.34417509291729,1.39799981906621e-05,0.000117431984801562
"457","uc.282",57.0776958994635,-5.01406748723802,0.676928739987574,-7.40708318475303,1.29107485494421e-13,9.76052590337825e-12
"458","uc.459",25.2682683127926,-3.09716482046808,0.43887507320749,-7.05705338385399,1.70070301096665e-12,9.18379625921989e-11
"459","uc.460",8.65778420436291,2.47323503447737,1.49928231286727,1.64961262682242,0.0990221907686288,0.193939834769646
"460","uc.461",38.5264803903791,1.6376798413321,0.298485387122711,5.48663322221139,4.09666492761152e-08,6.19415737054863e-07
"461","uc.462",38.6393023877312,1.64125684641886,0.292122130943445,5.61839269458364,1.92742038639703e-08,3.46935669551465e-07
"462","uc.463",40.8971092162098,1.42354941640602,0.396849873761447,3.58712326884029,0.000334346287177156,0.0020384338153704
"463","uc.464",40.9873202796077,1.38365973552773,0.387230655627119,3.57321848211344,0.000352620309877214,0.00211572185926329
"464","uc.465",40.9367555476941,1.42514475911575,0.399964350992943,3.56317945731343,0.000366390019512122,0.00213069888270127
"465","uc.466",17.8483006934483,5.87956588437924,1.83174842286871,3.20981080751866,0.00132822363734629,0.00597700636805832
"466","uc.467",19.0108006206506,0.121484235521902,0.823828741613914,0.147462973049362,0.882766603408231,0.934604480131043
"467","uc.468",0.462703686738405,0.512338254485436,1.42348350828334,0.359918644300483,0.718907973972608,NA
"468","uc.469",0.289209227047476,0.0161660565051871,1.7999387882056,0.00898144793096182,0.992833937705776,NA
"469","uc.470",0.0619630359130464,-0.00734278381856109,4.09412389968851,-0.00179349330857323,0.99856900014635,NA
"470","uc.471",1743.59472787212,0.0659766697673243,0.159002594044265,0.414940838946042,0.678185212617829,0.786361994998586
"471","uc.472",284.847006930586,0.857886656132388,0.24109154662739,3.55834399062636,0.000373200351873863,0.00213742019709576
"472","uc.473",252.894390145053,-0.511714003545873,0.439122357140689,-1.16531075046568,0.243893229062318,0.388994264074076
"473","uc.474",115.181586879319,-1.04514452458038,0.276845387850035,-3.77519211245277,0.000159884394408228,0.00107921966225554
"474","uc.475",175.732447999467,-0.874859543737484,0.37476816808783,-2.33440195361644,0.0195746845942998,0.0556333141101153
"475","uc.476",0.0269855041154719,-0.12909891964269,7.61574966169152,-0.0169515708075436,0.98647525111014,NA
"476","uc.477",5001.15832935931,-3.11371261797343,0.780972558186207,-3.98696802510573,6.69230406322156e-05,0.000486479026134183
"477","uc.478",69.9033678381447,-1.75019788112941,0.428313645500648,-4.08625291189038,4.383958926617e-05,0.000331427294852246
"478","uc.479",143.212051624802,-1.6282220014473,0.468184640274352,-3.47773476825975,0.000505670014422119,0.00281093037428766
"479","uc.480",257.709872764912,0.271440504386123,0.261840555814379,1.03666333712853,0.299892784159805,0.457094646824219
"480","uc.481",604.726825858231,0.948150437034776,0.31083497041866,3.05033386609533,0.00228587105607778,0.00929095977631613
"481","uc.482",0.179486147199239,-0.375806882664489,2.01955406818661,-0.186084090831958,0.852378817692807,NA
