chrom,start,end,id,estimate,std.error,statistic,p.value,conf.low,conf.high
chr1,10537639,10537846,uc.1,-0.07335826127885597,0.24715835246126827,-0.29680672551963144,0.766614070512366,-0.5577797305811982,0.4110632080234863
chr1,10672485,10672692,uc.2,-0.01027338234950327,0.07451403821823355,-0.13787177014101723,0.8903417614713366,-0.15631821359988207,0.13577144890087564
chr1,10691107,10691332,uc.3,-0.05862463428661303,0.07107746920399725,-0.8247991233108802,0.409485644491009,-0.19793391403870242,0.08068464546547635
chr1,10698191,10698550,uc.4,0.015618687377604001,0.0855386756196699,0.18259211128132588,0.8551180745693865,-0.15203403612220331,0.18327141087741133
chr1,10721293,10721507,uc.5,0.10993489106716763,0.08321755040290958,1.3210541590674352,0.1864833064179307,-0.053168510604181755,0.27303829273851704
chr1,10735063,10735364,uc.6,0.08094121542131076,0.08016920586625022,1.0096297518070532,0.3126727099316366,-0.07618754074571682,0.23806997158833834
chr1,10776075,10776331,uc.7,0.00933790276838316,0.06997689080243011,0.13344266458976312,0.8938433056363968,-0.12781428295447195,0.14649008849123824
chr1,10791760,10791976,uc.8,-0.013537330819023072,0.06890083890282758,-0.19647555871003367,0.8442379611560541,-0.14858049357316133,0.12150583193511524
chr1,10865352,10865554,uc.9,0.06476190446112222,0.07677259391932756,0.8435549869420051,0.3989181266675974,-0.08570961462047852,0.21523342354272293
chr1,10905516,10905791,uc.10,-0.02728647858753512,0.07248615273859145,-0.3764371201481613,0.7065919540745016,-0.16935672733304372,0.1147837701579734
chr1,35184625,35184826,uc.12,0.008636590773254812,0.24551979869991908,0.03517675893751724,0.9719387944403781,-0.4725733721701105,0.4898465537166201
chr1,35893588,35893825,uc.13,-0.09797664416934385,0.11613478663814122,-0.8436459652233619,0.3988672706438161,-0.3255966433323441,0.12964335499365645
chr1,38029331,38029544,uc.14,-0.1025602637613431,0.09378646409275962,-1.093550809847205,0.27415203316244635,-0.28637835562051095,0.08125782809782467
chr1,38095403,38095636,uc.15,-0.018215533943581812,0.05877463596654164,-0.3099216803988592,0.756620515431812,-0.1334117036424559,0.09698063575529231
chr1,38162526,38162737,uc.16,-0.0040631454708076045,0.08424781896377083,-0.04822849446767142,0.9615341413034355,-0.16918583641584892,0.16105954547423373
chr1,38336478,38336715,uc.17,-0.12089879684840762,0.07800890930463462,-1.5498075530870785,0.1211877136171099,-0.27379344955874296,0.03199585586192773
chr1,44249988,44250226,uc.18,0.07353190034329223,0.04413046236814264,1.6662390647502985,0.09566580809516698,-0.012962216519367497,0.16002601720595191
chr1,44524639,44524895,uc.19,-0.04719637698925064,0.04667350520670257,-1.0112027536871815,0.3119193981114516,-0.13867476622663036,0.04428201224812903
chr1,44536699,44536968,uc.20,-0.04712490889343672,0.04329051224224519,-1.0885736031427624,0.27634196256192867,-0.13197275376052764,0.037722935973654136
chr1,48647313,48647548,uc.21,-0.07233087034846362,0.06695844263749899,-1.0802352548736833,0.2800374328444731,-0.20356700637885283,0.05890526568192552
chr1,50540558,50540866,uc.22,-0.027006106003360723,0.0706048766301949,-0.3824963273402462,0.7020932525465129,-0.1653891213314365,0.11137690932471499
chr1,50570104,50570333,uc.23,-7.430579226365987e-4,0.16501477447524115,-0.004502978142409225,0.9964071554044488,-0.3241660728111086,0.3226799569658354
chr1,50633472,50633808,uc.24,-0.045114478816861946,0.14750744777142602,-0.3058454301695346,0.759722336508883,-0.33422376390027986,0.243994806266556
chr1,50700361,50700596,uc.25,-0.033447112849685705,0.14006246997706887,-0.2388013923727155,0.8112595905069994,-0.3079645095904632,0.24107028389109186
chr1,62903974,62904186,uc.26,0.04108413149598164,0.07146154732923346,0.5749124253733443,0.5653505260739468,-0.09897792754882045,0.1811461905407837
chr1,62904208,62904498,uc.27,0.04333509576113186,0.07572574259364664,0.5722637279857808,0.5671433191432407,-0.10508463242496631,0.19175482394723006
chr1,70231029,70231384,uc.28,0.025690028121661195,0.1771294584336628,0.14503532246321654,0.884682983338063,-0.3214773310094023,0.3728573872527247
chr1,87356699,87356918,uc.29,0.05998645236378847,0.09858384105722036,0.6084815900911279,0.5428681124471137,-0.13323432556598447,0.25320723029356146
chr1,87563316,87563559,uc.30,0.06803818291940421,0.12497101593999192,0.5444317020842218,0.5861444351895014,-0.17690050743436092,0.31297687327316925
chr1,88462334,88462587,uc.31,-0.028954080551777582,0.06805465884771719,-0.4254533200521482,0.67050624363654,-0.16233876087346336,0.10443059976990819
chr1,96806180,96806492,uc.33,0.1617225567400633,0.12503654179970225,1.2934023479242482,0.1958719384959267,-0.08334456193879007,0.40678967541891675
chr1,96814615,96814823,uc.34,0.22932415900167788,0.12514765162742297,1.8324287832775221,0.06688756301790676,-0.015960730937836603,0.4746090489411924
chr1,97536725,97536930,uc.35,-0.03994774936276314,0.033403960056039024,-1.1958986088998473,0.2317361280947603,-0.10541830801361414,0.025522809288087794
chr1,108697805,108698069,uc.36,0.15011115738161815,0.17395450259231152,0.8629334403227618,0.3881740634192368,-0.19083340264789184,0.49105571741112813
chr1,114737431,114737633,uc.37,-0.06855571320636389,0.07499303498811544,-0.9141610713212006,0.36063221608329504,-0.21553936087442224,0.07842793446169459
chr1,163970717,163970941,uc.38,0.03660699580880987,0.11943020731125842,0.3065137089932775,0.7592135435601342,-0.19747190918740887,0.27068590080502863
chr1,164054297,164054653,uc.39,0.12082333559564751,0.1255735996381079,0.9621714750859237,0.33596347528206233,-0.12529639710409596,0.3669430682953909
chr1,164668724,164668971,uc.40,-0.037078540586270435,0.03448532035119029,-1.07519780035886,0.2822861800397664,-0.10466852646992952,0.030511445297388633
chr1,213425423,213425639,uc.41,0.017177906982785686,0.09845676163267933,0.17447158222482173,0.8614948623247884,-0.17579379985171079,0.21014961381728214
chr1,215715689,215715955,uc.42,0.042359832731965696,0.12299627998785392,0.3443993000125597,0.7305460152156812,-0.1987084462766325,0.283428111740564
chr1,243732732,243732989,uc.43,0.04263093232200187,0.12914395135373272,0.3301039799009502,0.7413213961129251,-0.21048656115250697,0.29574842579651067
chr1,244054404,244054634,uc.44,0.13035551028391332,0.13186577757866477,0.9885469352057588,0.322884859891492,-0.12809666456363897,0.3888076851314656
chr1,244853383,244853586,uc.45,-0.18133745424530337,0.2781661761119409,-0.6519033218917628,0.5144635418216069,-0.7265331411419332,0.36385823265132655
chr1,244854300,244854517,uc.46,-0.008779988880090524,0.2607492070761372,-0.03367215946135867,0.9731385799099197,-0.5198390437466959,0.5022790659865148
chr10,49396710,49396987,uc.283,-0.11731857011517019,0.13380186972161015,-0.8768081519284049,0.3805908505680179,-0.3795654158336463,0.14492827560330598
chr10,49398809,49399018,uc.284,-0.07894725132243348,0.11689206278706633,-0.6753859025162887,0.4994306197474022,-0.3080514844636782,0.15015698181881115
chr10,68756233,68756465,uc.285,-0.2336137788784818,0.21115900525496406,-1.1063405919932456,0.2685791285767545,-0.6474778241895154,0.1802502664325516
chr10,75379265,75379517,uc.286,0.041282404043094564,0.07777943148858465,0.5307624811985595,0.5955833824060078,-0.1111624804125319,0.19372728849872098
chr10,75736184,75736441,uc.287,-0.05975824064181509,0.04079460971707786,-1.464856289991628,0.1429601303829674,-0.13971420645065535,0.020197725167025185
chr10,75967424,75967647,uc.288,-0.048199136965371155,0.04977091168263288,-0.9684198126149619,0.3328347485422531,-0.14574833134105536,0.04935005741031319
chr10,76230780,76231034,uc.289,-0.0013698421614840154,0.031673849663750114,-0.04324836342996739,0.9655035526872074,-0.06344944675417033,0.06070976243120239
chr10,76282523,76282729,uc.290,0.02836404622903105,0.0298294541335356,0.9508737941383556,0.34166844627306403,-0.030100609551188127,0.0868287020092503
chr10,76523865,76524096,uc.291,0.022483163114141027,0.030890176825629216,0.7278418392052393,0.46671040947153564,-0.03806047094016607,0.08302679716844807
chr10,96955697,96955914,uc.292,-0.0028301930458361616,0.10994553953166777,-0.025741772316474714,0.9794633053946149,-0.21831949078872967,0.21265910469705734
chr10,100612911,100613154,uc.293,-0.029148082504671692,0.09012541912328456,-0.3234168871359076,0.7463795420878803,-0.20579065807788682,0.1474944930685434
chr10,100613859,100614303,uc.294,-0.033131106652169166,0.0882847481396646,-0.37527554136255176,0.7074555543254459,-0.20616603339010126,0.1399038200857629
chr10,100615342,100615551,uc.295,-0.013597678609313123,0.09133494382981912,-0.14887706762757913,0.8816506369137538,-0.19261087904574742,0.16541552182712113
chr10,100655348,100655809,uc.296,0.019491354789319737,0.09647861515906206,0.2020277214508603,0.8398950524136637,-0.16960325620074201,0.2085859657793815
chr10,100659462,100659826,uc.297,0.08285701126720299,0.0915754145872042,0.9047953715601368,0.3655738041570639,-0.09662750319304113,0.2623415257274471
chr10,100687900,100688259,uc.298,0.0034753121618082395,0.07704581420510402,0.0451070859288552,0.9640219534186867,-0.14753170883976008,0.1544823331633766
chr10,100749677,100749887,uc.299,-0.05275638009117712,0.06432983348309944,-0.8200919734237636,0.412163677609222,-0.1788405368495109,0.07332777666715669
chr10,100787360,100787568,uc.300,-0.05166118480471409,0.06709760314031527,-0.7699408382245733,0.4413349876292156,-0.18317007040869362,0.07984770079926536
chr10,100808033,100808317,uc.301,-0.05379635919675322,0.06361716089551772,-0.8456265328329601,0.3977611191380217,-0.17848370335065783,0.07089098495715135
chr10,101219422,101219763,uc.302,0.10729632961676007,0.08811736752955406,1.2176524631284917,0.2233560687606424,-0.06541053715364503,0.28000319638716525
chr10,101292669,101292941,uc.303,0.06422806421849339,0.08920899926703067,0.7199729258954978,0.4715416653153688,-0.11061836144174683,0.2390744898787336
chr10,101322746,101323018,uc.304,0.055336847348706024,0.09109668385973632,0.6074518303422488,0.5435511006996605,-0.12320937212740843,0.2338830668248204
chr10,101451677,101451982,uc.305,-0.021161307189481206,0.04660468652897036,-0.4540596400391393,0.6497859013716263,-0.11250481429704212,0.0701821999180796
chr10,101452281,101452505,uc.306,-0.01709489439896187,0.044479796676017015,-0.3843294186679418,0.7007343062681501,-0.10427369392361964,0.07008390512569597
chr10,101484225,101484457,uc.307,-0.23845661966380055,0.15109691606020934,-1.5781699976509116,0.11452656080881891,-0.5346011333168825,0.05768789398928127
chr10,101486054,101486331,uc.308,-0.2143156074251085,0.1480996201295891,-1.4471043695964887,0.14786769440312245,-0.5045855290031663,0.07595431415294925
chr10,101507273,101507541,uc.309,-0.22207361490038563,0.1628736956034856,-1.363471333277914,0.17273401307755695,-0.5413001923121571,0.09715296251138579
chr10,112644463,112644692,uc.310,0.023098150148607093,0.034674598130928234,0.6661403849985661,0.505321373329174,-0.04486281336641212,0.09105911366362628
chr10,118314889,118315108,uc.311,-0.11485523561076069,0.06462325436477201,-1.7773050388711402,0.07551806505997616,-0.24151448672948467,0.011804015507963275
chr10,118317024,118317346,uc.312,-0.10213678106078573,0.05694442826024564,-1.7936220308333488,0.07287351770727468,-0.21374580957109207,0.00947224744952046
chr10,119580661,119580892,uc.313,0.28292455053281146,0.17189949224950757,1.6458719384822496,0.09979012742718697,-0.053992263236945455,0.6198413643025684
chr10,123092686,123092888,uc.314,0.021384140875152984,0.1162126075173237,0.18400878641299975,0.8540065620600561,-0.2063883844082901,0.2491566661585962
chr10,123093098,123093333,uc.315,0.01330876134445777,0.12176230436840581,0.10930116191124789,0.912963625046457,-0.2253409698922216,0.25195849258113723
chr10,125216995,125217235,uc.316,0.11180823458508406,0.14408482461841454,0.7759889695614383,0.43775549875766756,-0.1705928323857786,0.3942093015559467
chr10,129648073,129648291,uc.317,-0.031015827758551474,0.04452733339943083,-0.6965570446432333,0.4860800459862948,-0.11828779754904332,0.056256142031940286
chr10,129893321,129893642,uc.318,0.0015208771353694209,0.05126804534336026,0.029665206176353476,0.9763340611505857,-0.0989626452953831,0.102004399566122
chr11,8283147,8283463,uc.319,-0.13073390066831447,0.07743074527239066,-1.6883978090151486,0.0913348907831644,-0.28249537269829517,0.021027571361666296
chr11,8296286,8296621,uc.320,0.009757120084970988,0.0667050318209245,0.1462726246974116,0.8837061757257973,-0.12098233987163926,0.1404965800415812
chr11,15602877,15603081,uc.321,0.04022967114192171,0.08320139888846269,0.48352157150449365,0.6287254469467399,-0.12284207414281599,0.2033014164266594
chr11,16294804,16295027,uc.322,-0.04637362963810172,0.060183637264644575,-0.770535510078656,0.4409822992225115,-0.16433139113542777,0.07158413185922441
chr11,16453788,16453988,uc.323,-0.06782687028067401,0.06055268619435914,-1.1201298331004925,0.2626584392521556,-0.1865079543887736,0.050854213827425526
chr11,30535973,30536198,uc.324,-0.16327677926160825,0.07632132932634751,-2.139333534973455,0.03240866561043146,-0.31286383599346995,-0.013689722529746552
chr11,31664095,31664330,uc.325,-0.2656796869665527,0.059154672427288876,-4.491271374938608,7.079927252556288e-6,-0.3816207144413034,-0.14973865949180193
chr11,31764131,31764446,uc.326,-0.02756921211951978,0.03748224124023676,-0.7355273112623943,0.4620184131542225,-0.10103305501022573,0.04589463077118619
chr11,31764735,31765003,uc.327,-0.027876339139722973,0.03723862443296413,-0.74858670437478525,0.4541063481804399,-0.10086270186214588,0.04511002358269994
chr11,31804114,31804345,uc.328,0.033017009894835685,0.09401571782674441,0.3511860639694379,0.725448764475093,-0.15125041102626363,0.21728443081593493
chr11,32176445,32176752,uc.329,0.05439961999840321,0.10820042378967926,0.5027671620228177,0.615127983625796,-0.1576693137413389,0.2664685537381453
chr11,66626424,66626631,uc.330,0.2787125366829314,0.24857321264845106,1.1212492839166277,0.2621817667776735,-0.2084820076294488,0.7659070809953116
chr11,83484115,83484333,uc.331,-0.024818860916356423,0.0959588616705829,-0.2586406349999969,0.7959125275420444,-0.21289477378815988,0.16325705195544704
chr11,116361972,116362309,uc.332,0.08729188158422026,0.10522946338217529,0.8295384085271934,0.4067998123711082,-0.11895407675731964,0.2935378399257602
chr11,124774750,124775020,uc.333,0.13185830719736635,0.17103155943989548,0.7709589249445186,0.4407312785047926,-0.20335738952455024,0.4670740039192829
chr11,131998050,131998272,uc.334,0.03583956820346855,0.030162261958046416,1.1882254803475572,0.23474458757741917,-0.023277378926564955,0.09495651533350208
chr12,16562479,16562693,uc.335,0.014974436991500927,0.04877922864388433,0.30698388243944363,0.7588556402422333,-0.08063109434415697,0.11057996832715879
chr12,24139071,24139322,uc.336,-0.01879417840025681,0.07242954914957106,-0.2594821950561335,0.7952632179771513,-0.1607534861498898,0.1231651293493762
chr12,41355376,41355594,uc.337,-0.052154700707012384,0.0684547975109202,-0.7618852528004694,0.4461284923834237,-0.18632363839739807,0.08201423698337326
chr12,53464704,53464927,uc.338,-0.149715460260462,0.22309734218326813,-0.6710768438356159,0.5021715776536869,-0.5869782159862761,0.2875472954653519
chr12,53677311,53677563,uc.339,0.009838631510263103,0.062400996146928366,0.15766785977418088,0.8747185278456999,-0.11246507353713911,0.1321423365576654
chr12,53697047,53697306,uc.340,-0.12732901717842124,0.08869291708133908,-1.435616522361639,0.15111149063077942,-0.3011639403416431,0.04650590598480076
chr12,53989133,53989447,uc.341,-0.05019093051330863,0.0360507753538933,-1.3922288777594425,0.16385310069265832,-0.12084915182168368,0.0204672907950664
chr12,54016709,54016936,uc.342,-0.03941434590650328,0.05764671016597248,-0.683722380566457,0.4941504882392094,-0.15239982165902832,0.07357112984602174
chr12,54028656,54029044,uc.343,-0.023320705336330287,0.04968402256678055,-0.46938037887300305,0.6387977707205841,-0.12069960017429542,0.0740581895016348
chr12,54033101,54033355,uc.344,-0.03833454279505007,0.053300857525465935,-0.719210620143113,0.4720111568185236,-0.14280230389006401,0.06613321829996395
chr12,54053815,54054116,uc.345,-0.1062155789471416,0.07428279144772894,-1.4298813611747887,0.15275107238452515,-0.2518071748557903,0.03937601696150705
chr12,106582731,106582933,uc.346,-0.15873379406993138,0.06714729158673306,-2.36396420941115,0.018080559214932932,-0.2903400672393376,-0.027127520900525243
chr13,71219855,71220064,uc.347,0.06041947073207953,0.13948540208545102,0.4331598133478196,0.6648986716583395,-0.21296689372449246,0.33380583518865165
chr13,71489224,71489464,uc.348,-0.02189101505616846,0.0654532761853243,-0.33445254893255877,0.7380380917051613,-0.15017707904955732,0.10639504893722032
chr13,71547169,71547372,uc.349,-0.02347096930578004,0.06449371873505193,-0.3639264375838157,0.7159129420523167,-0.1498763352555379,0.10293439664397788
chr13,71681967,71682207,uc.350,-0.009435099068809117,0.0641126773101593,-0.14716432794039677,0.8830023161646282,-0.13509363754915962,0.11622343941154148
chr13,72094761,72095016,uc.351,0.08875539304871422,0.14077319156380982,0.6304850523225018,0.5283772795071888,-0.18715499240511077,0.36466577850253923
chr13,72120026,72120226,uc.352,0.09100271912483485,0.14726555098391195,0.6179498091497071,0.5366084241089265,-0.19763245696707968,0.37963789521674923
chr13,72197414,72197737,uc.353,0.04029117690152246,0.12893308183755567,0.3124968109603228,0.7546629862884489,-0.21241301991584194,0.29299537371888695
chr13,78402693,78402928,uc.354,-0.07881655431583293,0.058927124182893094,-1.3375258916625334,0.18105103656133506,-0.19431159542682264,0.03667848679515673
chr13,94966627,94966855,uc.355,-0.030424532949229366,0.08696131150379709,-0.34986285766746866,0.7264416227914856,-0.20086557154504037,0.14001650564658163
chr13,97356565,97356816,uc.356,0.11644262804426238,0.143288972274083,0.8126419374516208,0.4164233797331638,-0.16439859699469864,0.3972838530832234
chr13,112062022,112062264,uc.357,-0.007249983779575271,0.046850379240344686,-0.15474760070526875,0.8770203020247707,-0.09907503975269386,0.08457507219354332
chr14,25908827,25909053,uc.358,-0.07489892995054533,0.09421593173544693,-0.79497096266964,0.4266303933037836,-0.25955876292190555,0.10976090302081497
chr14,26445761,26446085,uc.359,-0.006077093080265279,0.11053798618542626,-0.05497741808025181,0.9561564543393731,-0.22272756492728674,0.2105733787667562
chr14,26446175,26446462,uc.360,-0.009548129744581038,0.12099861546343303,-0.07891106611436043,0.9371033612050791,-0.24670105823212102,0.22760479874295897
chr14,28763928,28764195,uc.361,-0.010389922323124778,0.07274357990553598,-0.1428294062048777,0.8864249123823957,-0.15296471904448689,0.13218487439823728
chr14,28879545,28879784,uc.362,0.07897601603973328,0.09169909014571313,0.8612519046180018,0.38909931852912943,-0.10075089806095615,0.2587029301404227
chr14,29392112,29392377,uc.363,0.2663445093771368,0.0848173042403472,3.140214273049696,0.0016882430351457896,0.1001056478002799,0.43258337095399363
chr14,30243552,30243759,uc.364,0.06756247237518881,0.11657280075683271,0.5795732103590961,0.5622024632275487,-0.16091601868516686,0.29604096343554437
chr14,30273155,30273433,uc.365,0.08278179436594749,0.12034607966505662,0.6878644871219997,0.4915381219364335,-0.15309218745815156,0.3186557761900466
chr14,30913500,30913702,uc.366,0.16037942301273825,0.17022259983847635,0.9421746769519543,0.3461032164875774,-0.17325074202544893,0.49400958805092543
chr14,33375256,33375554,uc.367,-0.01015267305838458,0.03815557861337507,-0.26608620357353613,0.7901728200601992,-0.08493623294988639,0.06463088683311723
chr14,33599369,33599597,uc.368,-0.06071823334718498,0.08602602335989364,-0.7058123922939875,0.4803048145153855,-0.2293261408657778,0.10788967417140781
chr14,33653410,33653623,uc.369,-0.03704174658384137,0.0855699356803018,-0.4328827208919871,0.6650999736369845,-0.20475573867664182,0.1306722455089591
chr14,33733364,33733757,uc.370,-8.64830480123323e-5,0.04468814085664265,-0.0019352572372559793,0.9984558890930508,-0.08767362966308484,0.0875006635670602
chr14,35550982,35551278,uc.371,0.05394950261895708,0.05993944376155455,0.9000667879664335,0.36808470917626435,-0.06352964840705377,0.1714286536449681
chr14,35573828,35574105,uc.372,0.21063631824307677,0.17197880552794023,1.2247806792032645,0.2206578664671378,-0.1264359466959039,0.5477085831820575
chr14,36112600,36112994,uc.373,0.02949996737306744,0.06735816440272033,0.43795681837012845,0.661417586345467,-0.10251960892099234,0.16151954366712715
chr14,37246707,37246931,uc.374,0.09169514517865898,0.06816719594699318,1.345150609538951,0.178576602385675,-0.04191010380453242,0.22530039416185035
chr14,37308014,37308314,uc.375,0.10067271409173806,0.057626700166452584,1.7469803719621055,0.08064074288999909,-0.012273542782397326,0.21361897096587334
chr14,45096546,45096836,uc.376,0.11043285637849633,0.1550792737652601,0.7121058391442817,0.47639923872405365,-0.1935169349500407,0.4143826477070333
chr14,45109819,45110036,uc.377,0.2578911300092386,0.15449823441247199,1.669217327886953,0.0950743172494933,-0.04491984511423322,0.5607021051327103
chr14,79861133,79861384,uc.378,0.06224530499857158,0.05287050084378088,1.1773163485341458,0.23906926402210574,-0.041378972499833404,0.16586958249697664
chr14,96965030,96965282,uc.379,0.18602044160413733,0.09624785092599517,1.9327230666913091,0.05327032205946253,-0.002621879800193249,0.3746627630084679
chr14,97296256,97296488,uc.380,0.02927504307150892,0.14216807635597056,0.20591854248775218,0.8368545410215106,-0.2493692663375337,0.3079193524805516
chr14,97412952,97413190,uc.381,-0.10558627809868049,0.10280235558784792,-1.0270803377501756,0.30438263634887563,-0.3070751925767423,0.09590263637938143
chr15,35626710,35626910,uc.382,-0.061620048475626014,0.06156175068633263,-1.0009469806924502,0.3168524416470411,-0.18227886264607188,0.05903876569481989
chr15,36527725,36527994,uc.383,0.09836973104210302,0.1282984941210592,0.7667255310828811,0.4432447205813725,-0.15309069670589687,0.3498301587901028
chr15,36673191,36673457,uc.384,0.046100206386449676,0.15847227861155955,0.29090391575329416,0.7711248064321459,-0.264499752240204,0.35670016501310337
chr15,36893468,36893677,uc.385,0.0470047001925922,0.08311631196601682,0.5655291853157619,0.5717138789073627,-0.11590027778859627,0.2099096781737806
chr15,37229807,37230010,uc.386,-0.002889699035364788,0.13143934090545373,-0.021985038995618454,0.9824598898066086,-0.2605060733617363,0.25472667529100673
chr15,41739855,41740093,uc.387,-0.06659340737802329,0.08290759881192171,-0.8032244128682626,0.42184503748714425,-0.22908931509408556,0.0959025003380389
chr15,57133326,57133624,uc.388,-0.18388972615070778,0.12961939851665186,-1.4186898585791845,0.15598945515253193,-0.4379390789410898,0.07015962663967434
chr15,67373046,67373317,uc.389,-0.08897274012871213,0.0815644251659531,-1.0908277713928087,0.2753486739879773,-0.2488360758736926,0.0708905956162683
chr15,67585831,67586036,uc.390,-0.10697184123816698,0.20485615130443474,-0.5221802740948558,0.6015448190037589,-0.508482519806347,0.29453883733001307
chr15,67747965,67748276,uc.391,-0.229507766958748,0.19997297715262016,-1.147693904579851,0.251094948379599,-0.6214476000591345,0.16243206614163855
chr15,70099794,70100050,uc.392,0.03737046485299179,0.09585776333896649,0.38985329462408363,0.6966450321088801,-0.1505072989299464,0.2252482286359301
chr15,74621900,74622175,uc.393,0.004730553054257044,0.22300104782563712,0.021213142720099814,0.9830756302675072,-0.43234346919868566,0.4418045753071998
chr15,96692869,96693071,uc.394,0.10017410298958976,0.1286759419951373,0.778499084105212,0.43627484637186364,-0.15202610899764427,0.3523743149768238
chr16,24567681,24567930,uc.395,-0.03561231459185383,0.10488963765632132,-0.3395217619927358,0.7342167059599336,-0.24119222674969973,0.1699675975659921
chr16,49060819,49061027,uc.396,0.08599604621165718,0.14548749402379796,0.5910889234066433,0.5544608411161148,-0.19915420227597308,0.37114629469928745
chr16,49701936,49702247,uc.397,0.04485860111367102,0.06488572252221433,0.6913477937818014,0.48934700353297367,-0.08231507814072844,0.17203228036807047
chr16,49856979,49857301,uc.398,-0.07937032246000089,0.066091749088985,-1.2009112113697853,0.22978564482019206,-0.2089077703496694,0.05016712542966751
chr16,50815079,50815293,uc.399,0.06678073182759113,0.1274540200797027,0.5239593995217268,0.6003067790645628,-0.18302455721347097,0.31658602086865323
chr16,51637575,51637781,uc.400,-0.06470470096541435,0.08882004063515324,-0.7284921342380639,0.46631238192497027,-0.23878878171569873,0.10937937978487015
chr16,52460802,52461052,uc.401,0.04499514710745673,0.05749220058181573,0.7826304551245217,0.43384415189973247,-0.06768749542485482,0.15767778963976822
chr16,53620472,53620717,uc.402,-0.05285408648276479,0.13000372433674315,-0.4065582486380089,0.6843324673204476,-0.3076567040388546,0.20194853107332503
chr16,54289942,54290148,uc.403,0.0611200817925968,0.05684097284685929,1.0752821201225087,0.28224843876023903,-0.050286177833466554,0.17252634141866022
chr16,55189444,55189679,uc.404,0.0015730797346546457,0.12374186508880108,0.012712591114783617,0.989857093021604,-0.24095651921920969,0.24410267868851893
chr16,59541490,59541700,uc.405,-0.002137739386481222,0.1393859507936593,-0.015336835414968294,0.9877634555230175,-0.27532918289292563,0.2710537041199632
chr16,69646460,69646671,uc.406,0.0454653212084713,0.07979208639371807,0.569797372939113,0.5688151375542267,-0.11092429437452456,0.2018549367914672
chr16,69647251,69647577,uc.407,-0.18904567248833692,0.10985727117330515,-1.7208298592280546,0.08528170240843813,-0.4043619674278653,0.026270622451191328
chr16,72787145,72787397,uc.408,0.09518164243369123,0.1684569468343526,0.5650205837298322,0.5720597637046139,-0.23498790630721852,0.425351191174601
chr16,73058971,73059215,uc.409,0.08422904406641493,0.06737657625250534,1.2501235407206217,0.2112544216189448,-0.04782661879011222,0.2162847069229421
chr17,36655772,36655991,uc.410,0.17123963223705704,0.09163662556473252,1.8686811215685,0.061667192035008464,-0.008364853534601068,0.3508441180087152
chr17,36972319,36972548,uc.411,-0.012325283077115659,0.026076553670042392,-0.4726576691487937,0.6364574317358349,-0.06343438911132453,0.03878382295709325
chr17,36979186,36979454,uc.412,2.8962417860872307e-4,0.027065439357390742,0.010700885907829742,0.9914620912920473,-0.052757662187629985,0.053336910544847425
chr17,39410265,39410537,uc.413,-0.3099610651193924,0.14716050911599052,-2.1062788310625105,0.035180139023332696,-0.598390362933312,-0.02153176730547279
chr17,40092920,40093166,uc.414,-0.05202145582750279,0.10601996101509178,-0.4906760512777175,0.6236555874892327,-0.25981676105942325,0.15577384940441757
chr17,48586543,48586750,uc.415,-0.08573119207153868,0.07170377071338464,-1.195630177026877,0.23184090983859967,-0.2262680002254904,0.05480561608241315
chr17,48593524,48593810,uc.416,0.03731831176841858,0.045586028766647156,0.8186348488360183,0.4129947781131094,-0.05202866281241671,0.12666528634925392
chr17,48604949,48605171,uc.417,0.01839893204888066,0.06594746591338442,0.2789937686619508,0.7802496068661391,-0.11085572601303562,0.14765359011079687
chr17,58004866,58005083,uc.418,-0.4132651788468794,0.2647508258079312,-1.560958979394047,0.11853342983061042,-0.9321672623076619,0.10563690461390302
chr17,58005353,58005642,uc.419,-0.2760156424910999,0.24216029216998064,-1.1398055396190017,0.2543673253301078,-0.7506410936299587,0.19860980864775893
chr17,64500652,64500885,uc.420,-0.06216392564898842,0.30466260573571197,-0.2040418629613975,0.8383207850830685,-0.65929166032711,0.534963809029133
chr18,25113190,25113535,uc.421,0.05913723511310208,0.03558967613819041,1.66164015888988,0.09658494619955325,-0.010617248339195706,0.12889171856539974
chr18,25168223,25168449,uc.422,-0.04576336433568171,0.02838304300767087,-1.6123487648351726,0.10688606729363331,-0.10139310640236804,0.009866377731004697
chr18,25176390,25176613,uc.423,-0.013180447278433417,0.02830593232714667,-0.46564257718488117,0.6414713613021605,-0.06865905518846895,0.04229816063160204
chr18,25187814,25188029,uc.424,-0.03349605015084378,0.036500983857150254,-0.9176752682046451,0.3587888993265423,-0.10503666391113618,0.03804456360944867
chr18,25285242,25285567,uc.425,-0.059380315185636245,0.03799775200251204,-1.5627323211570674,0.11811556877870577,-0.13385454060404456,0.015093910232771974
chr18,26335627,26335889,uc.426,0.06140594932699337,0.10554361808549768,0.5818063701137313,0.5606971128105835,-0.14545574091863234,0.26826763957261907
chr18,26657234,26657449,uc.427,-0.12448432680215045,0.0755547314661336,-1.6476046487962026,0.09943382585873767,-0.27256887933736745,0.02360022573306661
chr18,32773245,32773484,uc.428,-0.032994398961214345,0.07717969646493643,-0.4275010199891633,0.6690144423641519,-0.18426382437022304,0.11827502644779442
chr18,36900577,36900815,uc.429,0.15140033266562863,0.11409985109227161,1.3269108698765297,0.1845381682252637,-0.07223126611660684,0.3750319314478641
chr18,37483686,37483899,uc.430,0.01888339928387114,0.040628514993975975,0.46478192192530293,0.6420876351564981,-0.06074702684966734,0.09851382541740954
chr18,37598636,37598866,uc.431,0.001817477496429911,0.07624478526977523,0.023837400682540724,0.9809823070869916,-0.14761955564131954,0.15125451063417944
chr18,37984967,37985178,uc.432,0.15848905836377103,0.1209118657006151,1.3107816792456024,0.1899315339380015,-0.07849384371297836,0.3954719604405204
chr18,38483667,38483873,uc.433,0.15270574508226545,0.11301124157832644,1.3512438492804923,0.17661733240492436,-0.0687922182594098,0.37420370842394063
chr18,47244416,47244665,uc.434,-0.024235117311764767,0.0598205637932352,-0.40513020565187974,0.6853818045698319,-0.1414812678813865,0.09301103325785696
chr18,55422699,55422926,uc.435,-0.16622641222210696,0.09547343446334726,-1.7410750242353765,0.08167042862374072,-0.3533509052506127,0.02089808080639871
chr18,55587009,55587219,uc.436,-0.2574269220977391,0.1027653656024999,-2.5049968984052042,0.012245246718258398,-0.4588433375367301,-0.05601050665874808
chr18,74645701,74645916,uc.437,0.03640896916091229,0.08147259939116763,0.44688606271299786,0.6549573275306554,-0.12327439137263617,0.1960923296944607
chr18,74645917,74646158,uc.438,0.022328811222345417,0.07916524087660516,0.282053221528743,0.7779027013220876,-0.13283220972323875,0.17748983216792952
chr18,74651074,74651337,uc.439,-0.010641969937937012,0.08655840857603188,-0.12294553600288563,0.9021502266113868,-0.18029333330606245,0.15900939343018847
chr18,74651408,74651737,uc.440,0.03939250776290787,0.08126604435907701,0.4847351445931172,0.6278642332067824,-0.1198860123469175,0.1986710278727332
chr18,74856635,74856883,uc.441,-0.012254003133933348,0.07272635939033331,-0.16849465911203212,0.8661941450161965,-0.15479504826570295,0.13028704199783625
chr18,74880755,74881004,uc.442,0.026314142820077536,0.09651634966448404,0.2726392254944613,0.7851305562135363,-0.16285442644158563,0.21548271208174075
chr19,8462384,8462623,uc.443,-0.21801436022973306,0.14733272965816596,-1.479741539680688,0.13894223532240127,-0.5067812041037145,0.07075248364424849
chr19,30003871,30004259,uc.444,-0.03502173718557622,0.025960013241376135,-1.3490646888329447,0.17731618895592408,-0.0859024281768563,0.01585895380570394
chr19,30075527,30075837,uc.445,0.19954916765092015,0.13685102047647713,1.4581489195779873,0.14479949984352686,-0.06867390373052842,0.4677722390323688
chr19,30256946,30257218,uc.446,0.024973308095664462,0.061727509444020244,0.40457339556705074,0.6857911176610125,-0.09601038726997119,0.14595700346130014
chr19,30276873,30277146,uc.447,0.03527953534772881,0.05880400523763389,0.5999512313006583,0.5485387378366043,-0.07997419706473835,0.15053326776019588
chr19,30350622,30350854,uc.448,5.639728862815236e-4,0.06032368241999066,0.009349112382678892,0.9925405962387941,-0.11766827207173208,0.11879621784429518
chr19,30512633,30512923,uc.449,0.10791326993140898,0.06543204956710069,1.6492417805244466,0.0990981116142595,-0.020331190654747956,0.236157730517566
chr19,31096719,31096930,uc.450,0.007169947641516626,0.126848914914485,0.05652352364504052,0.9549247563199952,-0.24144935706885967,0.2557892523518928
chr19,31315713,31315938,uc.451,-0.03722851772147434,0.049900508227423715,-0.7460548808802461,0.4556342632979602,-0.13503171665746944,0.06057468121452086
chr19,31337040,31337244,uc.452,0.012043078474831341,0.062245420181901025,0.19347734242354883,0.8465851489299074,-0.10995570328425724,0.13404186023392003
chr19,41933164,41933489,uc.453,-0.035064881139671183,0.08078580282621477,-0.43404756668819944,0.6642538998457583,-0.19340214514120624,0.12327238286186375
chr2,7634519,7634746,uc.47,0.08850301371990961,0.11993601242832073,0.737918594490567,0.4605639187944395,-0.14656725108894733,0.32357327852876655
chr2,20278571,20278869,uc.48,-0.32181128441117585,0.16202375197058805,-1.9861981993207627,0.04701132073113864,-0.639372002913579,-0.0042505659087727155
chr2,33588341,33588548,uc.49,0.10671338822564794,0.21506256924725334,0.49619693747339916,0.6197554715149954,-0.31480150192161993,0.5282282783729156
chr2,38749158,38749380,uc.50,0.12211623355617272,0.22818393426079844,0.5351657817267815,0.5925352256488411,-0.3251160594456475,0.5693485265579928
chr2,57745423,57745630,uc.51,0.10868058272793747,0.08729388308401086,1.2449965437251111,0.21313302070875234,-0.062412284187374,0.27977344964324896
chr2,58881050,58881324,uc.52,0.1481727934014812,0.06038810308510452,2.453675241175606,0.014140462187316738,0.029814286259984207,0.2665313005429782
chr2,58906175,58906407,uc.53,0.03749941750545696,0.06253827860179509,0.5996234361394877,0.5487572245329331,-0.08507335620919336,0.1600721912201073
chr2,58972267,58972476,uc.54,0.07675901180634012,0.08649623107608248,0.8874260861010527,0.37484954420493455,-0.09277048590123577,0.24628850951391595
chr2,59519442,59519682,uc.55,-0.10453521345897683,0.1298609651595956,-0.8049779495363051,0.4208324044065421,-0.3590580281693949,0.1499876012514412
chr2,59720695,59720897,uc.56,-0.028550254482545345,0.0971890886743248,-0.2937598744054042,0.7689413984844243,-0.21903736797449158,0.16193685900940097
chr2,59912104,59912350,uc.57,0.040496910241799994,0.1412874711411214,0.2866277520202105,0.774397362589988,-0.23642144466154005,0.31741526514514
chr2,60070827,60071030,uc.58,0.1649050009957248,0.13846642782649157,1.1909385082307653,0.233677725795085,-0.10648421061211337,0.43629421260356294
chr2,60071247,60071467,uc.59,0.20406874133702552,0.13435172383269772,1.5189142015858563,0.1287840938278987,-0.05925579863593359,0.46739328130998464
chr2,60214424,60214641,uc.60,0.09525932728891552,0.11190992455945027,0.8512142927798204,0.3946503246181218,-0.1240800943602015,0.31459874893803247
chr2,60460437,60460763,uc.61,0.14763326997732318,0.07412040293055858,1.991803392051671,0.04639263393871359,0.0023599497138313517,0.29290659024081506
chr2,60553546,60553780,uc.62,0.12495372703182264,0.05671336242871339,2.2032501985556734,0.02757711897000905,0.01379757922937735,0.2361098748342679
chr2,61525365,61525643,uc.63,-0.2040701415191879,0.16994449191247016,-1.2008046817092144,0.2298269753808185,-0.5371552250385879,0.12901494200021205
chr2,62966955,62967200,uc.64,0.06421122443406418,0.06798559535176552,0.9444827849462479,0.34492299489114703,-0.06903809392290985,0.19746054279103825
chr2,66071456,66071668,uc.65,-0.005898612211036345,0.10940939343340154,-0.053913215546952845,0.9570043074961994,-0.22033708291087636,0.20853985848880374
chr2,72947873,72948120,uc.66,-0.002983856044543704,0.08418289446404233,-0.03544492100848612,0.9717249654133024,-0.16797929730840291,0.16201158521931558
chr2,104120267,104120484,uc.67,0.08241631288699325,0.13007719340918322,0.6335954115164265,0.5263448961054755,-0.1725303014050567,0.33736292717904315
chr2,143157152,143157407,uc.68,-0.014536118750377752,0.0851931429132435,-0.17062545474088942,0.8645182814374587,-0.18151161059010865,0.15243937308935318
chr2,143354540,143354841,uc.69,-0.011252190520348057,0.04231858237912841,-0.26589242568526245,0.7903220586181228,-0.09419508786023108,0.07169070681953499
chr2,143679769,143680006,uc.70,-0.08163779909288012,0.0482637467273718,-1.6914931937221713,0.09074264663257377,-0.17623300443749168,0.012957406251731524
chr2,143955288,143955536,uc.71,-0.19341173481449375,0.21823268789681752,-0.8862638162892474,0.3754753823341359,-0.6211399433416261,0.2343164737126386
chr2,143957404,143957811,uc.72,-0.10977158119521445,0.21904731050869314,-0.501131837411252,0.6162783416711402,-0.5390964207026151,0.31955325831218606
chr2,144004745,144004946,uc.73,-0.09513036089602937,0.22412951247005278,-0.42444370599672937,0.6712422519444984,-0.5344161332098536,0.34415541141779493
chr2,144068395,144068933,uc.74,-0.00204966804605844,0.06354832162494918,-0.03225369283795116,0.9742697377346977,-0.12660208970892672,0.12250275361680986
chr2,144388282,144388518,uc.75,0.23618464922836324,0.17046761680082204,1.3855103606236625,0.1658964666982051,-0.09792574023162287,0.5702950386883494
chr2,144403565,144403900,uc.76,-0.010301201069984634,0.10672895171909927,-0.09651740136168903,0.9231096541577352,-0.21948610254713347,0.1988837004071641
chr2,144428197,144428493,uc.77,0.0013585493120012336,0.06954135620204167,0.01953584724540284,0.9844136405275976,-0.1349400042800715,0.13765710290407407
chr2,144430786,144431034,uc.78,0.09107319709389193,0.08371365255033786,1.087913313054029,0.2766333783305147,-0.07300254691906988,0.2551489411068537
chr2,144439609,144439904,uc.79,0.08864790825195035,0.06911887368131246,1.2825427199621442,0.1996523290182897,-0.046822594815395455,0.2241184113192962
chr2,144443284,144443578,uc.80,-0.06875981019416445,0.038910303545129726,-1.767136309137606,0.07720540301241871,-0.14502260377013987,0.007502983381811063
chr2,146376496,146376707,uc.81,0.07192208518111046,0.13941101207310494,0.5158995986873379,0.6059245343919473,-0.20131847753045387,0.3451626478926747
chr2,155870586,155870796,uc.82,0.0503687243136399,0.13282991186209003,0.379197152264431,0.7045414661084572,-0.2099731190056863,0.3107105676329661
chr2,156135114,156135410,uc.83,0.017735979919312504,0.1181710081909298,0.15008740460821277,0.8806956570889165,-0.2138749401516975,0.2493468999903226
chr2,156338193,156338402,uc.84,0.17880001100431617,0.09093044628484176,1.9663382102428149,0.04925955580648954,5.796111878723671e-4,0.35702041082075997
chr2,156694901,156695149,uc.85,-0.0965077906912583,0.14952537624831166,-0.6454275061043225,0.5186501831305248,-0.38957214291274994,0.1965565615302333
chr2,156803597,156803937,uc.86,0.11198818322726033,0.1275708230752324,0.8778510675690905,0.3800245468236051,-0.13804603547832642,0.3620224019328471
chr2,157043756,157044046,uc.87,-0.013502218337864056,0.10985665762398118,-0.12290760186860615,0.9021802658512972,-0.2288173107428147,0.2018128740670865
chr2,161238530,161238842,uc.88,0.046754206770575936,0.08079003146925788,0.5787125703542619,0.562783132692174,-0.11159134521902708,0.20509975876017889
chr2,161382161,161382468,uc.89,-0.007595820883327402,0.03290701982914606,-0.23082676349195594,0.8174493883674749,-0.07209239458699902,0.05690075282034417
chr2,161416515,161416721,uc.90,-0.016385949067071366,0.04656199933379396,-0.3519167841055035,0.7249006714854785,-0.10764579080948554,0.07487389267534278
chr2,162188511,162188718,uc.91,0.027293077040154972,0.05795237209928005,0.470957029910671,0.6376714207811239,-0.08629148509309775,0.14087763917340776
chr2,163594168,163594477,uc.92,0.10359319041531516,0.07293159173522387,1.4204158712373558,0.15548664492851713,-0.039350102720902676,0.24653648355153296
chr2,163805396,163805659,uc.93,0.04114887865040168,0.10423607378710421,0.3947661990266991,0.6930154423686511,-0.16315007186218208,0.24544782916298546
chr2,163987659,163987859,uc.94,-0.006464930931077888,0.12028866655904673,-0.05374513755960886,0.9571382201751789,-0.24222638513515699,0.22929652327300118
chr2,170715019,170715270,uc.95,-0.11542587016918837,0.06298626178051231,-1.832556289360558,0.06686858354020091,-0.23887667477980423,0.008024934441427338
chr2,171964151,171964412,uc.96,-0.24326483494437934,0.17829266040367883,-1.364413063294892,0.17243759877504988,-0.5927120280434203,0.10618235815466161
chr2,171966109,171966551,uc.97,-0.29711424139821685,0.19339340815181535,-1.5363204166968287,0.12445981451496127,-0.6761583562232297,0.0819298734267961
chr2,172091789,172092027,uc.98,-0.019449552544741653,0.06565925838093323,-0.29621949781859863,0.7670624595631669,-0.14813933422298042,0.10924022913349708
chr2,172093652,172094050,uc.99,-0.12278918896843288,0.08415423136029031,-1.4590970291527512,0.14453840381117747,-0.28772845158125304,0.04215007364438732
chr2,173250051,173250258,uc.100,-0.03443799107039763,0.10538871632510027,-0.3267711408891655,0.7438409884458312,-0.24099607944450255,0.17212009730370728
chr2,173909752,173910006,uc.101,-0.16171675365235402,0.23030337876599516,-0.7021901047169173,0.4825606157990642,-0.6131030815515912,0.289669574246883
chr2,174081680,174082018,uc.102,-0.08600839542936048,0.20835145485545026,-0.4128043909702058,0.679749934104968,-0.49436974307256587,0.32235295221384486
chr2,174104943,174105176,uc.103,-0.02696924299489861,0.07392051601666245,-0.3648411083713141,0.715230017044332,-0.17185079210617327,0.11791230611637603
chr2,174122205,174122421,uc.104,0.010609672819542228,0.03640457179595449,0.2914379237588297,0.7707164137308333,-0.06074197677313121,0.08196132241221564
chr2,174125058,174125281,uc.105,0.009971871510922117,0.042070033882949824,0.23703027049292502,0.8126333068533965,-0.07248387972803923,0.09242762274988348
chr2,174160694,174160900,uc.106,0.03504278276025963,0.04045386803912216,0.866240595988755,0.38635823520346574,-0.04424534163175577,0.11433090715227509
chr2,174342879,174343116,uc.107,0.008723335453046913,0.10932572350024436,0.07979215845781633,0.9364025610835025,-0.20555114519121623,0.22299781609731006
chr2,176075628,176076002,uc.108,-0.0684088503052671,0.10473902530851027,-0.653136212636769,0.5136684683895054,-0.2736935676857764,0.1368758670752422
chr2,176638609,176638833,uc.109,0.010619651815751321,0.06782401232209206,0.15657657888653428,0.875578562182223,-0.12231296962254992,0.1435522732540526
chr2,236162737,236162980,uc.110,-0.0065206644434061675,0.055422638141831605,-0.11765344743639215,0.9063422540627019,-0.11514703912959205,0.10210571024277974
chr20,4885793,4886001,uc.454,-0.13219553172675488,0.11149863227544309,-1.1856246935853236,0.23577054595846672,-0.3507288353120986,0.08633777185858878
chr20,35740456,35740701,uc.455,-0.08269218376943883,0.24560164148554342,-0.33669230901417346,0.7363488617318006,-0.5640625556250222,0.39867818808614464
chr20,43459115,43459435,uc.456,0.15379824649640866,0.15806666052113855,0.972996114356708,0.3305552332852932,-0.156006715281542,0.46360320827435936
chr22,19408385,19408596,uc.457,-0.05482785773600841,0.14882770853464022,-0.36839818522937895,0.712576350438292,-0.34652480636552757,0.23686909089351083
chr22,35752444,35752648,uc.458,-0.0336830453758594,0.1001693174770429,-0.336261104939434,0.7366739776605703,-0.23001129998682204,0.1626452092351032
chr3,9429776,9430072,uc.111,-0.1995861113287576,0.19870666442384652,-1.004425855103859,0.315173392884608,-0.5890440170875831,0.18987179443006802
chr3,17551236,17551638,uc.483,-0.21708764474326125,0.10379690336272797,-2.091465522671984,0.03648635392427911,-0.42052583704099245,-0.013649452445530017
chr3,18128071,18128417,uc.112,-0.06141121597608499,0.11813973769599893,-0.5198184554473141,0.6031901149007091,-0.29296084700325176,0.1701384150510818
chr3,18634911,18635158,uc.113,0.13692412828111633,0.08937293812678324,1.5320535628679637,0.12550921765228318,-0.03824361163990537,0.312091868202138
chr3,18802957,18803251,uc.114,0.17352368917292915,0.10249743631406148,1.6929563842088378,0.09046376957224456,-0.027367594510319213,0.37441497285617753
chr3,18992665,18992884,uc.115,0.0884662107720339,0.14518069240777898,0.609352451106603,0.5422908476661757,-0.19608271759780055,0.3730151391418683
chr3,70517272,70517478,uc.116,0.09454624928282973,0.14559061017509725,0.6493979877488111,0.5160811643160951,-0.1908061031475716,0.37989860171323103
chr3,70822688,70822939,uc.117,0.10693062039265182,0.132831681414907,0.8050084080366956,0.42081482783676327,-0.15341469118646434,0.367275931971768
chr3,70822940,70823159,uc.118,0.10693062039265182,0.132831681414907,0.8050084080366956,0.42081482783676327,-0.15341469118646434,0.367275931971768
chr3,114714619,114714920,uc.119,-0.016256520623595415,0.08735108082864541,-0.1861055463696603,0.8523619925260528,-0.18746149305838752,0.15494845181119682
chr3,114716191,114716461,uc.120,-0.010636423667708068,0.08140509361364923,-0.13066041933676562,0.8960439446353738,-0.170187475308572,0.14891462797315588
chr3,114856626,114856919,uc.121,0.018525026826694928,0.05495529557654649,0.3370926610865311,0.7360470496104454,-0.0891853732630895,0.12623542691647946
chr3,114893043,114893258,uc.122,-0.003696200282872349,0.057851343663809646,-0.06389134718031794,0.949056742152969,-0.11708275032118873,0.10969034975544406
chr3,137264701,137265193,uc.123,0.0799624455392915,0.13505052670115247,0.592092807725489,0.5537884428537586,-0.18473172288813222,0.34465661396671526
chr3,137329601,137329888,uc.124,0.035706867633328115,0.12271180379605125,0.29098152360854734,0.7710654504171603,-0.20480384828487772,0.27621758355153403
chr3,137349474,137349739,uc.125,-2.94101417008073e-4,0.1437669717821734,-0.0020456813784300665,0.9983677835502488,-0.2820721882764541,0.2814839854424379
chr3,137406805,137407076,uc.126,-0.04343691413301228,0.1459810237270344,-0.2975517846362941,0.7660452787261134,-0.32955446306428665,0.2426806347982622
chr3,147312920,147313192,uc.127,0.06088579862324747,0.04841570314573603,1.257563035694746,0.20854982862200086,-0.03400723582857777,0.15577883307507276
chr3,147331850,147332149,uc.128,-0.0067019767765090854,0.04949210577501451,-0.1354150661314657,0.8922837127993986,-0.1037047216145843,0.09030076806156608
chr3,152446597,152446809,uc.129,-0.11005630120497487,0.14033747364079874,-0.784226039914826,0.4329074882201565,-0.3851126952222795,0.16500009281232983
chr3,158058784,158059008,uc.130,0.07104115281605433,0.11722893044141366,0.6060035909954656,0.5445123686443405,-0.1587233287952676,0.3008056344273763
chr3,158272250,158272457,uc.131,0.013369391385491486,0.04568230297118017,0.29266018821174367,0.7697819032978279,-0.07616627716886872,0.10290505993985165
chr3,158308369,158308577,uc.132,-0.019462419188394794,0.031016600308195943,-0.6274839600409711,0.5303420471340646,-0.08025383871533272,0.04132900033854317
chr3,158308688,158308965,uc.133,-0.01684974936781989,0.030585312346564104,-0.5509098346583587,0.58169548536512,-0.0767958600229938,0.043096361287354036
chr3,158528114,158528325,uc.134,0.07131840360676496,0.07415517536306661,0.9617454649333279,0.33617747822696376,-0.07402306937209743,0.21665987658562733
chr3,169116494,169116695,uc.135,-0.12137258033171752,0.08083768745214548,-1.5014355823027223,0.13324293642509277,-0.279811536331428,0.03706637566799311
chr3,169476163,169476510,uc.136,0.06126496118929238,0.07235980646706469,0.8466711587623961,0.3971784387375511,-0.08055765341444289,0.20308757579302758
chr3,180719068,180719453,uc.137,-0.03917221570552406,0.09417065671323406,-0.41597050581063943,0.6774315856564282,-0.22374331126394778,0.14539887985289976
chr3,185931507,185931926,uc.138,-0.1151027781189304,0.24360111715024368,-0.4725051324290089,0.6365662791910903,-0.5925521943271304,0.36234663808926953
chr4,4521712,4522050,uc.139,-0.3009811517863702,0.20368816987965277,-1.4776565176279117,0.13949973847860056,-0.7002026288273657,0.0982403252546254
chr4,13008245,13008468,uc.140,-0.18874114100867243,0.09742098126743001,-1.9373767185793351,0.052699310403376574,-0.3796827556313865,0.0022004736140416193
chr4,24527538,24527833,uc.141,0.05306590653873498,0.2251889247311349,0.23565060582838704,0.8137038013028689,-0.3882962756515903,0.49442808872906036
chr4,41748051,41748310,uc.142,0.22880019591872858,0.10584414563474576,2.161670771176027,0.03064356213466016,0.021349482500214612,0.43625090933724264
chr4,75653939,75654157,uc.143,-0.14355423667220354,0.20053207090788108,-0.7158667240720235,0.4740736471756094,-0.5365898733968827,0.2494814000524756
chr4,82425511,82425716,uc.144,0.41275731300308777,0.2446641544586001,1.6870363127628936,0.09159636976653637,-0.06677561804371321,0.8922902440498887
chr4,104425155,104425403,uc.145,-0.030678273661203112,0.11163711832213266,-0.274803525227872,0.7834671895958943,-0.24948300491041972,0.18812645758801344
chr4,110995319,110995533,uc.146,0.08458966878878699,0.1412887217459413,0.5987007861879601,0.5493724328384886,-0.192331137254959,0.361510474832533
chr4,150315230,150315538,uc.147,-0.09612464635260498,0.1683510390096299,-0.5709774464005923,0.5680149311652094,-0.4260866195713772,0.2338373268661673
chr4,150572799,150573039,uc.148,-0.0739487118660019,0.0810959664179021,-0.9118667072161257,0.3618388892893989,-0.2328938853365597,0.08499646160455593
chr4,150573040,150573244,uc.149,-0.06692519897637632,0.07765013865781198,-0.8618812552454254,0.3887528649998679,-0.21911667414022915,0.08526627618747648
chr5,3512506,3512768,uc.150,0.02003284406513662,0.11216604367549929,0.17859989894171907,0.8582518738456055,-0.1998085618271887,0.2398742499574618
chr5,32380030,32380244,uc.151,-0.2703211214381311,0.255767446039054,-1.0569019850823973,0.29055632240785845,-0.7716161040924685,0.23097386121620622
chr5,51039803,51040004,uc.152,0.16072897995935662,0.12750550863326535,1.2605649879931813,0.20746561969958477,-0.08917722479230437,0.4106351847110176
chr5,72899858,72900098,uc.153,-0.24271100634231862,0.18165097097745522,-1.3361393282750005,0.18150373743237505,-0.5987403672148616,0.11331835453022418
chr5,72914187,72914390,uc.154,-0.017330491016616125,0.1932784479985861,-0.0896659260050707,0.928552693944013,-0.3961492880816424,0.3614883060484103
chr5,77638538,77638745,uc.155,-0.10365796112482273,0.0436218861587408,-2.376283335104072,0.01748802846801976,-0.18915528693366102,-0.018160635315984542
chr5,77639593,77639806,uc.156,-0.13654563683853632,0.08339101942365672,-1.6374141698020839,0.10154395946563825,-0.29998903154298356,0.026897757865910796
chr5,77645335,77645542,uc.157,-0.09455481839883069,0.07583562646510102,-1.2468390228482402,0.2124565288200868,-0.2431899150154612,0.05408027821779984
chr5,77844428,77844652,uc.158,0.06937610254032912,0.08416151324193451,0.824320997424291,0.4097571908990053,-0.09557743229825337,0.23432963737891152
chr5,77852107,77852579,uc.159,0.0657782897113367,0.057042000857476086,1.1531553718756977,0.248846617489256,-0.046021977575419315,0.1775785569980926
chr5,77973019,77973341,uc.160,0.13278374903259138,0.09590539696139912,1.3845284336400319,0.16619670793370692,-0.05518737493476797,0.32075487299995076
chr5,78062704,78062982,uc.161,-0.21530663917370532,0.21558028328255735,-0.9987306626344239,0.31792518269425374,-0.6378362301844599,0.20722295183704928
chr5,81851541,81851759,uc.162,-0.03624194179304961,0.068050319527022,-0.532575629988899,0.5943273755159505,-0.16961811720245548,0.09713423361635629
chr5,87872805,87873181,uc.163,-0.14195231139056377,0.07249038079728509,-1.958222730096076,0.05020388307990449,-0.28403084697883646,1.2622419770883e-4
chr5,87944587,87944790,uc.164,-0.0265233475472971,0.06744322107585657,-0.3932692882130443,0.6941205990348528,-0.15870963185734865,0.10566293676275441
chr5,88397115,88397339,uc.165,-0.08986334661231955,0.09042165150771846,-0.9938255397231797,0.3203078099397735,-0.26708652699007956,0.08735983376544042
chr5,88665986,88666296,uc.166,-0.021087101263624716,0.07254008080749609,-0.29069586122442853,0.7712839372410473,-0.16326304708194223,0.12108884455469282
chr5,88883806,88884007,uc.167,0.09990491330436127,0.10223125602825105,0.9772443104558267,0.3284482159934395,-0.10046466660530405,0.3002744932140265
chr5,91632975,91633195,uc.168,0.09328393158419027,0.11700811647167247,0.7972432545461425,0.425309769420542,-0.13604776259915566,0.32261562576753616
chr5,93585310,93585514,uc.169,-0.17834905235677945,0.12662086035501138,-1.4085281987244116,0.15897472307722077,-0.4265213783440772,0.0698232736305183
chr5,93891963,93892273,uc.170,-0.1854631218037869,0.1589827947705295,-1.1665609607094793,0.2433877167108685,-0.49706367371554744,0.1261374301079737
chr5,94240141,94240349,uc.171,-0.0548307627387939,0.07326545499817994,-0.7483849344845536,0.4542280070560114,-0.1984284158461667,0.08876689036857892
chr5,94315013,94315231,uc.172,-0.023119456689437094,0.08535079880237599,-0.27087569201277933,0.7864866412863134,-0.19040394839381844,0.14416503501494413
chr5,134390468,134390744,uc.173,0.09068681737501015,0.18035463763590878,0.5028249817345108,0.6150873280312962,-0.26280177683614314,0.4441754115861634
chr5,139307964,139308224,uc.174,-0.40715152400969395,0.1957893477321716,-2.079538691587315,0.037567865375198295,-0.7908915941213391,-0.023411453898048808
chr5,158914829,158915079,uc.175,0.03604630230715594,0.05015251070853036,0.7187337542609783,0.47230498154514833,-0.062250812415822865,0.13434341703013486
chr5,167905689,167905935,uc.176,-0.0013831727529728356,0.06284892727265588,-0.022007897556823093,0.9824416557253063,-0.12456480667435545,0.12179846116840974
chr5,170990624,170990881,uc.177,0.11274959402178601,0.07072291873862731,1.5942440729642096,0.11088137866859803,-0.025864779587476416,0.25136396763104835
chr5,170990993,170991242,uc.178,0.10752392809286218,0.07064813542555817,1.5219641317520682,0.12801806829725257,-0.03094387291614008,0.24599172910186443
chr5,171201207,171201426,uc.179,0.11446301064603787,0.06970182078716138,1.6421810700692803,0.10055248453560083,-0.022150047753663686,0.2510760690457395
chr5,171201484,171201709,uc.180,0.1263265432392258,0.07135154969134734,1.7704807223625747,0.07664709299473131,-0.013519924396935027,0.26617301087538653
chr5,171202474,171202752,uc.181,0.12497083031180747,0.07163599691323874,1.7445255974194749,0.08106748190476001,-0.015433143634762886,0.2653748042583779
chr5,171276074,171276313,uc.182,0.11675588675243362,0.0698732469975138,1.6709669547285815,0.09472820511656425,-0.020193160845564873,0.2537049343504321
chr5,171957515,171957751,uc.183,-0.2411681517580071,0.15126263808847873,-1.5943669554205417,0.1108538691556307,-0.537637474617942,0.055301171101927636
chr5,173958288,173958518,uc.184,0.03311493444569956,0.16194152235194245,0.20448698990078595,0.8379729577594839,-0.2842846169656958,0.35051448585709494
chr5,178617305,178617716,uc.185,0.1570469951632206,0.17394240817605885,0.9028677756620612,0.3665960749700867,-0.18387386024602012,0.49796785057246135
chr5,179619195,179619500,uc.186,-0.13561635378983672,0.21672848619567792,-0.6257430952910944,0.5314834616384663,-0.5603963811572518,0.2891636735775781
chr6,10394443,10394655,uc.187,0.06578291765102562,0.0607755517181107,1.082391122603709,0.2790787712354082,-0.05333497485702273,0.18490081015907403
chr6,16299152,16299367,uc.188,0.06890354157046588,0.16464621719926767,0.4184945317454421,0.675585583765053,-0.25379711433085783,0.3916041974717897
chr6,36599739,36600312,uc.189,0.04769026522080373,0.21937227156908928,0.2173942261694825,0.8279011304619267,-0.38227148626135116,0.47765201670295865
chr6,41555701,41555901,uc.190,0.07589808109392782,0.06293132791628565,1.2060460760480245,0.22779972497038903,-0.047445055121272096,0.19924121730912783
chr6,51109080,51109288,uc.191,0.12081818099318409,0.12945882043188256,0.9332556915792005,0.35068796638670413,-0.13291644453434376,0.374552806520712
chr6,51284198,51284442,uc.192,0.12437816174498709,0.13314166351568202,0.9341791176458996,0.3502115056665124,-0.13657470358750015,0.3853310270774742
chr6,85611967,85612286,uc.193,0.03052992480770835,0.19362659322030118,0.15767423420486737,0.8747135046147068,-0.3489712243532692,0.4100310739686859
chr6,93259345,93259546,uc.194,0.07904602551077904,0.05636844545318254,1.4023098362084798,0.16082274441990588,-0.03143409744196934,0.18952614846352733
chr6,97215479,97215752,uc.195,0.021347647620977964,0.08835125354342571,0.24162246447907315,0.8090727136312545,-0.1518176273131032,0.19451292255505911
chr6,97668663,97668884,uc.196,-0.0541621440342698,0.06345442222626012,-0.8535598014137338,0.39334893969162626,-0.17853052625753751,0.07020623818899789
chr6,97914922,97915146,uc.197,0.019241878789271805,0.05658797487469449,0.3400347658999997,0.7338303467760564,-0.0916685139231869,0.1301522715017304
chr6,98272012,98272319,uc.198,-0.055191701213324756,0.07225443418624508,-0.7638520989737607,0.4449553855949642,-0.19680778994168474,0.08642438751503526
chr6,98365978,98366234,uc.199,-0.006687210320518588,0.055820116374709274,-0.11979929019905088,0.9046421442334217,-0.11609262802778321,0.1027182073867461
chr6,98547656,98547910,uc.200,-0.08708571488324669,0.08221225362907407,-1.0592790130308403,0.2894727299514771,-0.24821877108410415,0.07404734131761079
chr6,99604107,99604347,uc.201,-0.0250553249573657,0.09900227322171691,-0.25307827933661653,0.8002077232062696,-0.219096214859525,0.16898556494479358
chr6,100526106,100526336,uc.202,-0.03873620976824473,0.06736584421573442,-0.5750126079351833,0.565282770153727,-0.17077083821922007,0.09329841868273066
chr6,163570671,163570874,uc.203,-0.18369887955325395,0.18896899973627296,-0.9721111918337185,0.33099523491819477,-0.554071313230908,0.18667355412439984
chr7,1226267,1226469,uc.204,-0.047304986658753656,0.07126554273511959,-0.6637848368681798,0.5068280319026325,-0.1869828837582881,0.09237291044078079
chr7,20790169,20790421,uc.205,0.010984854913382679,0.1290814696291943,0.08510016925696853,0.9321817557490716,-0.24201017663133895,0.2639798864581043
chr7,20964145,20964644,uc.206,-0.07476394722927861,0.09326581662710563,-0.8016221798410773,0.4227715435719412,-0.2575615888071226,0.10803369434856543
chr7,21771874,21772104,uc.207,-0.04809500459241037,0.06689495002724978,-0.7189631589950928,0.47216361940947804,-0.17920669739342657,0.0830166882086059
chr7,23522050,23522268,uc.208,0.2782789872520695,0.19260712642728448,1.4448010954419643,0.14851376331395463,-0.09922404371116084,0.6557820182152998
chr7,23522268,23522518,uc.209,0.2197457310359122,0.20970802784110465,1.0478651356275837,0.2947007473188869,-0.19127445080157582,0.6307659128734001
chr7,26657458,26657715,uc.210,0.0543929994983382,0.06186676938795031,0.8791957303807791,0.37929515905299327,-0.06686364034188949,0.175649639338566
chr7,26689852,26690143,uc.211,0.0416476585223075,0.07751458471745579,0.5372880300412513,0.5910686724002321,-0.11027813580048468,0.1935734528450997
chr7,27102318,27102523,uc.212,-0.017649671080889606,0.04257422551077176,-0.4145623524360776,0.6784623129445135,-0.10109361975168864,0.06579427758990941
chr7,27143512,27143713,uc.213,0.00339830321256474,0.052538759180721296,0.06468183233782426,0.948427328221439,-0.09957577257407214,0.10637237899920154
chr7,31362783,31363026,uc.214,0.03595928501327308,0.08999666705754981,0.3995624081309404,0.6894788490162636,-0.1404309411481669,0.21234951117471307
chr7,42152985,42153247,uc.215,0.05658944515039444,0.06103480955967635,0.9271667358126925,0.3538399708509707,-0.06303658338983216,0.17621547369062102
chr7,50318558,50318870,uc.216,0.08297757330396244,0.0815237622739776,1.0178329727362065,0.3087573394321924,-0.07680606463723874,0.24276121124516367
chr7,54568962,54569183,uc.217,0.017370124458766432,0.03945236741980596,0.44028091581764606,0.6597336610642195,-0.059955094788894624,0.09469534370642757
chr7,70337988,70338274,uc.218,0.05566882281626707,0.0524491573911981,1.061386408957054,0.28851433089064005,-0.04712963668995392,0.15846728232248808
chr7,70515793,70516003,uc.219,-0.012989580253974852,0.04771074252744113,-0.27225692927549416,0.7854244711561702,-0.10650091728342295,0.08052175677547335
chr7,97004603,97004860,uc.220,0.09151151621063981,0.05147557448375211,1.7777658069561662,0.07544232649893289,-0.00937875586102325,0.1924017882823029
chr7,97011988,97012337,uc.221,0.04966345782013469,0.04883505186948361,1.016963347410075,0.3091708659322745,-0.04605148502719855,0.14537840066746793
chr7,114417115,114417316,uc.222,0.08898402145352914,0.06718349255729687,1.3244923427825648,0.1853395844571857,-0.04269320431438752,0.2206612472214457
chr7,114418129,114418397,uc.223,0.09769260728342148,0.0613570454152264,1.5921986892018438,0.11134006767785132,-0.02256499192821071,0.21795020649505373
chr7,114422963,114423258,uc.224,0.08221118753721796,0.06572323656094513,1.2508694312548585,0.21098211824716953,-0.046603989069640604,0.2110263641440765
chr7,114432799,114433000,uc.225,0.025115172022975304,0.0645342534707104,0.3891758356571694,0.6971460775603089,-0.10136964054879603,0.1515999845947466
chr7,114569262,114569467,uc.226,0.03173329011791107,0.06910716034009977,0.45918961163706895,0.6460980099004621,-0.10371425522251923,0.16718083545834142
chr7,114655260,114655491,uc.227,0.002190782372439588,0.0614088457311233,0.035675355013703725,0.9715412218893897,-0.11816834359273831,0.12254990833761747
chr7,115476642,115476907,uc.228,0.04723810170691835,0.12414213350105795,0.380516270944512,0.7035622208303123,-0.19607600891911842,0.2905522123329552
chr7,115494590,115494886,uc.229,0.09338741626395132,0.14542998572011848,0.6421469121483404,0.5207777986742375,-0.19165011801965526,0.37842495054755776
chr7,115679406,115679644,uc.230,0.0017774650703026456,0.13673217790915385,0.012999610607267663,0.9896281035250845,-0.266212679159362,0.26976760929996724
chr7,115942062,115942286,uc.231,-0.008562143042414866,0.08026123436102095,-0.10667843711326087,0.915044089663332,-0.16587127174474456,0.1487469856599148
chr7,122304551,122304798,uc.232,-0.06040051674393026,0.052572603851747994,-1.1488971882438346,0.2505983772074424,-0.16344092686684797,0.04263989337898753
chr7,151131226,151131492,uc.233,0.11429589124484571,0.1527499652129802,0.74825477757381,0.4543064960233858,-0.18508853921234159,0.4136803217020329
chr7,157019690,157019962,uc.234,0.008431921324360507,0.0669324653725266,0.12597655379091283,0.8997504840598676,-0.12275330020226585,0.13961714285098686
chr8,25918404,25918631,uc.235,-0.028399932644592854,0.06740990736325034,-0.4213020571524411,0.67353452825156,-0.16052092327774484,0.10372105798855913
chr8,37392950,37393217,uc.236,-0.04639503390989222,0.08330325520236122,-0.5569414280052907,0.5775674483021245,-0.209666413901469,0.11687634608168458
chr8,52225341,52225809,uc.237,0.06903430435324422,0.06212571874333284,1.1112033107971533,0.2664808464828717,-0.0527298668973531,0.19079847560384158
chr8,52254556,52254914,uc.238,0.0776054514754627,0.07578005579848586,1.0240880751240264,0.3057936763427573,-0.07092072863600528,0.2261316315869307
chr8,59029813,59030113,uc.239,-0.013459700674483705,0.03682382331431471,-0.3655161105786494,0.714726183026825,-0.08563306814360695,0.058713666794639456
chr8,64579981,64580187,uc.240,-0.029860707502695677,0.05641076064575747,-0.5293441740701192,0.5965667171530679,-0.14042376670888973,0.08070235170349847
chr8,64584572,64584774,uc.241,0.1693290975572226,0.10629377728346955,1.5930292617755726,0.11115362676552892,-0.03900287769909941,0.37766107281354466
chr8,65237061,65237326,uc.242,0.12050687751544374,0.13866249079434242,0.8690661535438143,0.38481094818681805,-0.15126661044808415,0.3922803654789717
chr8,76778725,76778941,uc.243,-0.007830685440588873,0.07187192108697703,-0.10895333423900602,0.9132395037879208,-0.14869706227076865,0.13303569138959087
chr8,104950120,104950441,uc.244,0.014413605574383408,0.1264474199734387,0.11398892581130642,0.9092465721446044,-0.23341878351156709,0.2622459946603338
chr8,105321603,105321942,uc.245,0.10666745271320237,0.06875222708003545,1.5514763265636364,0.12078757629720785,-0.028084436220586484,0.2414193416469912
chr8,118110978,118111262,uc.246,-0.018553926146653226,0.1482897447962656,-0.12511941518372935,0.9004290129853484,-0.30919648522396964,0.27208863293066315
chr9,969153,969514,uc.247,-0.115632465940299,0.11878643362134376,-0.9734484184355707,0.3303304846611772,-0.34844959769009054,0.11718466580949258
chr9,974188,974410,uc.248,0.0736915317345272,0.13736944606236445,0.5364477607420206,0.5916491304266692,-0.1955476351239246,0.342930698592979
chr9,8095727,8095987,uc.249,0.0862132621012913,0.11371747047353306,0.7581355946653493,0.4483698127681606,-0.1366688844398305,0.30909540864241297
chr9,13939910,13940119,uc.250,0.06969784931945668,0.12149952103227939,0.5736471117523146,0.5662066244275007,-0.1684368360426777,0.3078325346815911
chr9,15874310,15874523,uc.251,0.053966637662296514,0.07031651292968565,0.767481711106202,0.4427951629181481,-0.08385119519833237,0.1917844705229253
chr9,16710754,16710985,uc.252,0.05149575974246484,0.06559505002063636,0.785055575478091,0.4324209847572352,-0.07706817586208577,0.18005969534701544
chr9,17332213,17332435,uc.253,-0.06852118248948738,0.07954467232771957,-0.8614176221279027,0.3890080738708892,-0.22442587541385764,0.0873835104348828
chr9,23496726,23497005,uc.254,0.0726687855392378,0.09956486566381627,0.7298637431461629,0.4654734764025565,-0.12247476528741066,0.2678123363658863
chr9,23691769,23692001,uc.255,0.03258522747701241,0.054087707810170756,0.6024516252634582,0.5468735545375307,-0.07342473183724804,0.1385951867912728
chr9,23692235,23692441,uc.256,0.023485983132503233,0.05181797750477132,0.45324005805399636,0.6503758904163252,-0.07807538652855525,0.1250473527935617
chr9,37215206,37215470,uc.257,-0.11290052439129998,0.1285136423693463,-0.8785100344975482,0.3796669945926923,-0.3647826349572795,0.1389815861746794
chr9,37324426,37324627,uc.258,-0.1373214583034294,0.18465735080358847,-0.7436555203778046,0.45708490520088557,-0.4992432153590412,0.2246002987521824
chr9,77012962,77013270,uc.259,-0.05904422016435757,0.10092195265993203,-0.5850483329758172,0.5585152181946788,-0.25684761262728056,0.13875917229856546
chr9,78857507,78857738,uc.260,0.04392973375952028,0.1059507348802795,0.41462415347245385,0.6784170637441396,-0.16372989074137914,0.2515893582604197
chr9,79256658,79256969,uc.261,-0.11937030335201482,0.09895597358926526,-1.2062970937710433,0.22770295785217495,-0.31332044764207145,0.07457984093804192
chr9,81112806,81113061,uc.262,0.11344254639361806,0.13810198449522046,0.8214403783426021,0.4113954717860564,-0.15723236941052296,0.3841174621977591
chr9,83975368,83975575,uc.263,-0.22762823723814274,0.30505962438861306,-0.7461762194664244,0.4555609714556645,-0.825534114177141,0.3702776397008555
chr9,83975576,83975843,uc.264,-0.24693421714055167,0.2932585820342211,-0.8420357741201118,0.3997679293567545,-0.82171047608491,0.32784204180380666
chr9,105356189,105356406,uc.265,0.10311659077397274,0.09353930646667408,1.1023878053950595,0.27029311079677215,-0.08021708103956293,0.2864502625875084
chr9,106616010,106616253,uc.266,0.03309307179815834,0.08750869352920167,0.3781689620027886,0.7053050810730259,-0.13842081585323016,0.20460695944954677
chr9,122291610,122291813,uc.267,0.06313919795283861,0.13814713853114372,0.45704311087561605,0.6476400590659507,-0.20762421813546864,0.33390261404114585
chr9,122844548,122844799,uc.268,0.3037270053645942,0.1837922049935802,1.6525565128031587,0.09842115473308806,-0.05649909706202564,0.663953107791214
chr9,123775657,123775874,uc.269,0.0370930992616764,0.18060046586553435,0.20538761671464337,0.8372692944792723,-0.3168773094259262,0.391063507949279
chr9,125541789,125542067,uc.270,-0.0023398597301897534,0.04458906952464519,-0.052476083379503366,0.9581493517703155,-0.08973283010264685,0.08505311064226737
chr9,125542072,125542283,uc.271,-0.004161891545957763,0.039940483006575614,-0.10420233388946672,0.9170087818813056,-0.08244379976398003,0.07412001667206439
chr9,125670308,125670521,uc.272,-0.017404890207301436,0.19351728308058347,-0.08993971975130398,0.928335117241691,-0.39669179543128735,0.36188201501668443
chr9,125755318,125755639,uc.273,0.13129061902071082,0.06611725198721023,1.9857240746501044,0.04706397030588188,0.0017031863690194647,0.2608780516724022
chr9,125759591,125759918,uc.274,0.10578112533651676,0.06934229073223078,1.5254922244348204,0.12713637149092133,-0.030127267104161127,0.24168951777719463
chr9,125821836,125822091,uc.275,0.021935517926801765,0.044576095884795414,0.4920915008683794,0.6226546602707465,-0.06543202457880139,0.10930306043240492
chr9,125843532,125843964,uc.276,0.010968192788117826,0.03216596846573754,0.34098748805903034,0.7331130009716736,-0.052075946932578866,0.07401233250881449
chr9,125845430,125845706,uc.277,-0.004684309203524839,0.03262456125134007,-0.14358228965707326,0.8858303265372293,-0.06862727426757237,0.059258655860522765
chr9,125883885,125884122,uc.278,0.006467007214142224,0.031645106969879724,0.2043604156654492,0.8380718611082558,-0.055556262733739516,0.06849027716202397
chr9,125910279,125910615,uc.279,0.001328079596648756,0.03197765020521619,0.04153149428196947,0.9668721857003305,-0.06134696311579485,0.06400312230909239
chr9,125915726,125915946,uc.280,0.09725590432294431,0.11622958155255404,0.8367568997826027,0.4027292285256085,-0.13054988945822257,0.3250616981041113
chr9,132620137,132620375,uc.281,0.1769667973209792,0.19327405341130466,0.9156262529682546,0.35986295691609776,-0.20184338651124867,0.555776981153207
chr9,137148037,137148244,uc.282,0.024603115626189977,0.061628190679776935,0.39921852896881166,0.689732191583309,-0.09618591853853987,0.1453921497909197
chrX,21516441,21516696,uc.459,-0.05755868753721614,0.07580945312634596,-0.7592547520595798,0.44770017910146,-0.20614248535253157,0.09102511027809926
chrX,24805393,24805668,uc.460,0.0018478019293621912,0.03774790475225819,0.04895111242569431,0.9609582558291795,-0.07213673187691222,0.07583233573563668
chrX,24846679,24847076,uc.461,-0.19300181993693744,0.1374105152985257,-1.4045636865391204,0.16015106123942946,-0.4623214810191378,0.07631784114526301
chrX,24876708,24877487,uc.462,-0.19148637898534107,0.14222904388856208,-1.346324026022228,0.17819804068491368,-0.47025018256248946,0.08727742459180717
chrX,24897764,24898039,uc.463,0.09273074976804835,0.06147783362598623,1.5083607261146519,0.13146222890913997,-0.027763589986430134,0.21322508952252675
chrX,24898040,24898810,uc.464,0.10445876454957154,0.07087722034812959,1.4737988317896578,0.14053576295831846,-0.034458034657071875,0.24337556375621505
chrX,24899363,24899673,uc.465,0.09456502396025486,0.06175586556229517,1.5312719382884208,0.12570219789972817,-0.0264742483759411,0.2156042962964508
chrX,24928340,24928689,uc.466,-0.003846427306343731,0.03131593656925625,-0.12282651351771733,0.9022444784737061,-0.06522453512422677,0.0575316805115394
chrX,24990236,24990967,uc.467,0.09346205054305352,0.05046587271837592,1.8519852230559284,0.06402794486482664,-0.00544924243334572,0.19237334351945284
chrX,24999445,24999934,uc.468,-0.015533407849366148,0.0980125724685604,-0.1584838297591752,0.8740755616145868,-0.2076345199198666,0.1765677042211342
chrX,24999935,25000157,uc.469,0.0977300086697246,0.1082405913093819,0.9028961084514485,0.3665810362153815,-0.11441765196198304,0.30987766930143223
chrX,25383098,25383439,uc.470,-0.023036992878814413,0.13166425892246905,-0.17496770245279566,0.8611050117776693,-0.2810941984180101,0.2350202126603813
chrX,41349117,41349356,uc.471,0.11496051584929701,0.23998433605149078,0.4790334141834624,0.6319148577903049,-0.35540013966538203,0.5853211713639761
chrX,41520052,41520254,uc.472,-0.12207026547377132,0.18862124448976972,-0.647171350204892,0.5175210513204296,-0.491761111392844,0.24762058044530136
chrX,71153373,71153595,uc.473,-0.08492726893196653,0.07560000263056411,-1.123376534085351,0.2612776116134623,-0.23310055131900545,0.06324601345507254
chrX,71248992,71249202,uc.474,-0.12129391588677466,0.14514186944301732,-0.835692115254135,0.4033281321294267,-0.4057667526439032,0.1631789208703538
chrX,71546204,71546601,uc.475,0.15024264874857082,0.1403056346523659,1.0708240557895325,0.2842485483496078,-0.12475134199810121,0.4252366394952429
chrX,82534149,82534387,uc.476,0.11500915020145087,0.13894014079869002,0.8277604264709024,0.4078061903468126,-0.1573085217709057,0.3873268221738075
chrX,103786561,103786770,uc.477,-0.00781865820202133,0.05758033025166842,-0.13578696349687538,0.8919896972247712,-0.12067403171321359,0.10503671530917096
chrX,123465605,123465857,uc.478,-0.027604039387052047,0.08364411185406458,-0.33001772360513937,0.7413865701778325,-0.19154348613985842,0.13633540736575425
chrX,123479899,123480201,uc.479,-0.04243290734246491,0.07545117611816113,-0.5623889450843337,0.5738510494062169,-0.19031449512524937,0.10544868044031953
chrX,124101421,124101623,uc.480,-0.25982828012766834,0.1970507063280202,-1.3185858856813513,0.18730759487768972,-0.6460405676587668,0.12638400740342998
chrX,124101624,124101828,uc.481,-0.3165239238141768,0.18500531097603232,-1.7108910125027865,0.08710123403858151,-0.6791276702758329,0.04607982264747919
chrX,140088328,140088623,uc.482,1.7833199334802422e-4,0.12217186560344316,0.0014596813469876185,0.9988353432031298,-0.23927412451346833,0.23963078850016437
